candidate_label,expected_scenario_code,case_count,evaluated_count,improved_count,mixed_count,worsened_count,insufficient_history_count,worsened_rate,avg_cvar_delta,avg_mdd_delta,avg_stress_loss_delta,avg_return_drag,avg_implementation_cost,avg_recurring_rebalance_cost,avg_total_path_cost,avg_net_cvar_delta,avg_net_mdd_delta,avg_net_stress_loss_delta,avg_cost_adjusted_return_drag,cash_beats_count,cash_mixed_count,cash_lags_count,avg_hedge_vs_cash_cvar_delta,avg_hedge_vs_cash_mdd_delta,avg_hedge_vs_cash_stress_loss_delta,metric_worsened_counts,worst_metric,worst_metric_delta,worst_case_name
011200.KS,acute_global_stress_liquidity_crunch,3,3,3,0,0,0,0.0,0.002526,0.009719,-0.008664,-0.066678,0.000128,0.0,0.000128,0.002526,0.009719,-0.008778,-0.067197,0,0,3,-0.002322,-0.014979,-0.016751,net_CVaR=0; net_MDD=1; net_stress_loss=2; cost_adjusted_return_drag=2; cash_net_CVaR=3; cash_net_MDD=2; cash_net_stress_loss=3; CVaR=0; MDD=1; stress_loss=2; return_drag=2,cost_adjusted_return_drag,-0.212275,2023 US Regional Bank / Credit Stress
011200.KS,china_trade_fragmentation_shock,1,1,1,0,0,0,0.0,0.001153,0.00515,-0.10764,-0.045742,0.000128,0.0,0.000128,0.001153,0.00515,-0.10789,-0.045849,0,0,1,-0.000796,-0.004727,-0.019576,net_CVaR=0; net_MDD=0; net_stress_loss=1; cost_adjusted_return_drag=1; cash_net_CVaR=1; cash_net_MDD=1; cash_net_stress_loss=1; CVaR=0; MDD=0; stress_loss=1; return_drag=1,net_stress_loss,-0.10789,China Slowdown / Property Stress
011200.KS,geopolitical_escalation_supply_shock,1,1,1,0,0,0,0.0,0.003677,0.005949,-0.004944,-0.021325,0.000128,0.0,0.000128,0.003677,0.005949,-0.00507,-0.021865,0,0,1,0.001402,-0.001763,-0.00448,net_CVaR=0; net_MDD=0; net_stress_loss=1; cost_adjusted_return_drag=1; cash_net_CVaR=0; cash_net_MDD=1; cash_net_stress_loss=1; CVaR=0; MDD=0; stress_loss=1; return_drag=1,cost_adjusted_return_drag,-0.021865,2024 Middle East / Shipping Supply Shock
011200.KS,higher_for_longer_long_rate_shock,1,1,1,0,0,0,0.0,0.002678,0.026039,0.030404,0.03205,0.000128,0.0,0.000128,0.002678,0.026039,0.030328,0.031969,0,0,1,-0.001196,-0.014885,-0.006787,net_CVaR=0; net_MDD=0; net_stress_loss=0; cost_adjusted_return_drag=0; cash_net_CVaR=1; cash_net_MDD=1; cash_net_stress_loss=1; CVaR=0; MDD=0; stress_loss=0; return_drag=0,cash_net_MDD,-0.014885,2022 Global Rate Shock
011200.KS,semiconductor_ai_cycle_shock,1,1,1,0,0,0,0.0,0.002785,0.008515,0.006292,0.01419,0.000128,0.0,0.000128,0.002785,0.008515,0.006173,0.013921,0,0,1,-0.000729,-0.007119,0.000468,net_CVaR=0; net_MDD=0; net_stress_loss=0; cost_adjusted_return_drag=0; cash_net_CVaR=1; cash_net_MDD=1; cash_net_stress_loss=0; CVaR=0; MDD=0; stress_loss=0; return_drag=0,cash_net_MDD,-0.007119,2024 AI Semiconductor Concentration / Pullback Risk
011200.KS,stagflation_reinflation_energy_shock,1,1,1,0,0,0,0.0,0.003042,0.010629,0.030294,0.037054,0.000128,0.0,0.000128,0.003042,0.010629,0.030204,0.036942,0,0,1,-0.000511,-0.022018,0.003448,net_CVaR=0; net_MDD=0; net_stress_loss=0; cost_adjusted_return_drag=0; cash_net_CVaR=1; cash_net_MDD=1; cash_net_stress_loss=0; CVaR=0; MDD=0; stress_loss=0; return_drag=0,cash_net_MDD,-0.022018,Russia-Ukraine / War-Energy Shock
011200.KS,usd_strength_krw_weakness,1,1,1,0,0,0,0.0,0.000694,0.003404,-0.004508,-0.008245,0.000128,0.0,0.000128,0.000669,0.003404,-0.004614,-0.008439,0,0,1,-0.002752,-0.020738,-0.021782,net_CVaR=0; net_MDD=0; net_stress_loss=1; cost_adjusted_return_drag=1; cash_net_CVaR=1; cash_net_MDD=1; cash_net_stress_loss=1; CVaR=0; MDD=0; stress_loss=1; return_drag=1,cash_net_stress_loss,-0.021888,2022 KRW Weakness / USD Strength
017670.KS,acute_global_stress_liquidity_crunch,3,3,3,0,0,0,0.0,0.003568,0.01929,0.00627,-0.019014,0.000128,0.0,0.000128,0.003568,0.01929,0.006154,-0.019556,0,0,3,-0.00128,-0.005408,-0.001817,net_CVaR=0; net_MDD=0; net_stress_loss=2; cost_adjusted_return_drag=2; cash_net_CVaR=3; cash_net_MDD=2; cash_net_stress_loss=2; CVaR=0; MDD=0; stress_loss=2; return_drag=2,cost_adjusted_return_drag,-0.07789,2023 US Regional Bank / Credit Stress
017670.KS,china_trade_fragmentation_shock,1,1,1,0,0,0,0.0,0.002397,0.018976,-0.055188,-0.023318,0.000128,0.0,0.000128,0.002397,0.018976,-0.055445,-0.023428,1,0,0,0.000448,0.009098,0.032877,net_CVaR=0; net_MDD=0; net_stress_loss=1; cost_adjusted_return_drag=1; cash_net_CVaR=0; cash_net_MDD=0; cash_net_stress_loss=0; CVaR=0; MDD=0; stress_loss=1; return_drag=1,net_stress_loss,-0.055445,China Slowdown / Property Stress
017670.KS,geopolitical_escalation_supply_shock,1,1,1,0,0,0,0.0,0.002163,0.005697,-0.000951,-0.004127,0.000128,0.0,0.000128,0.002163,0.005697,-0.001077,-0.004676,0,0,1,-0.000112,-0.002014,-0.000486,net_CVaR=0; net_MDD=0; net_stress_loss=1; cost_adjusted_return_drag=1; cash_net_CVaR=1; cash_net_MDD=1; cash_net_stress_loss=1; CVaR=0; MDD=0; stress_loss=1; return_drag=1,cost_adjusted_return_drag,-0.004676,2024 Middle East / Shipping Supply Shock
017670.KS,higher_for_longer_long_rate_shock,1,1,1,0,0,0,0.0,0.003227,0.021605,0.018979,0.01998,0.000128,0.0,0.000128,0.003227,0.021536,0.018904,0.019901,0,0,1,-0.000647,-0.019319,-0.018212,net_CVaR=0; net_MDD=0; net_stress_loss=0; cost_adjusted_return_drag=0; cash_net_CVaR=1; cash_net_MDD=1; cash_net_stress_loss=1; CVaR=0; MDD=0; stress_loss=0; return_drag=0,cash_net_MDD,-0.019388,2022 Global Rate Shock
017670.KS,semiconductor_ai_cycle_shock,1,1,1,0,0,0,0.0,0.002793,0.01648,0.011001,0.024905,0.000128,0.0,0.000128,0.002793,0.01648,0.010881,0.024631,1,0,0,-0.000721,0.000846,0.005177,net_CVaR=0; net_MDD=0; net_stress_loss=0; cost_adjusted_return_drag=0; cash_net_CVaR=1; cash_net_MDD=0; cash_net_stress_loss=0; CVaR=0; MDD=0; stress_loss=0; return_drag=0,cash_net_CVaR,-0.000721,2024 AI Semiconductor Concentration / Pullback Risk
017670.KS,stagflation_reinflation_energy_shock,1,1,1,0,0,0,0.0,0.003356,0.023293,0.021004,0.025616,0.000128,0.0,0.000128,0.003356,0.023293,0.020914,0.025505,0,0,1,-0.000196,-0.009354,-0.005843,net_CVaR=0; net_MDD=0; net_stress_loss=0; cost_adjusted_return_drag=0; cash_net_CVaR=1; cash_net_MDD=1; cash_net_stress_loss=1; CVaR=0; MDD=0; stress_loss=0; return_drag=0,cash_net_MDD,-0.009354,Russia-Ukraine / War-Energy Shock
017670.KS,usd_strength_krw_weakness,1,1,1,0,0,0,0.0,0.002818,0.018204,0.009848,0.018293,0.000128,0.0,0.000128,0.002792,0.018204,0.00974,0.01809,0,0,1,-0.000628,-0.005938,-0.007426,net_CVaR=0; net_MDD=0; net_stress_loss=0; cost_adjusted_return_drag=0; cash_net_CVaR=1; cash_net_MDD=1; cash_net_stress_loss=1; CVaR=0; MDD=0; stress_loss=0; return_drag=0,cash_net_stress_loss,-0.007534,2022 KRW Weakness / USD Strength
055550.KS,acute_global_stress_liquidity_crunch,3,3,2,0,1,0,0.3333,0.001511,0.003493,-0.012255,-0.058365,0.000128,0.0,0.000128,0.001511,0.003493,-0.012368,-0.058888,0,0,3,-0.003337,-0.021205,-0.020342,net_CVaR=0; net_MDD=1; net_stress_loss=3; cost_adjusted_return_drag=3; cash_net_CVaR=3; cash_net_MDD=3; cash_net_stress_loss=3; CVaR=0; MDD=1; stress_loss=3; return_drag=3,cost_adjusted_return_drag,-0.14539,2023 US Regional Bank / Credit Stress
055550.KS,china_trade_fragmentation_shock,1,1,1,0,0,0,0.0,0.001933,0.018419,-0.06438,-0.02723,0.000128,0.0,0.000128,0.001933,0.018419,-0.064636,-0.027338,1,0,0,-1.6e-05,0.008541,0.023684,net_CVaR=0; net_MDD=0; net_stress_loss=1; cost_adjusted_return_drag=1; cash_net_CVaR=1; cash_net_MDD=0; cash_net_stress_loss=0; CVaR=0; MDD=0; stress_loss=1; return_drag=1,net_stress_loss,-0.064636,China Slowdown / Property Stress
055550.KS,geopolitical_escalation_supply_shock,1,1,1,0,0,0,0.0,0.001685,0.002961,0.009396,0.041484,0.000128,0.0,0.000128,0.001685,0.002961,0.009269,0.040912,0,0,1,-0.00059,-0.004751,0.009861,net_CVaR=0; net_MDD=0; net_stress_loss=0; cost_adjusted_return_drag=0; cash_net_CVaR=1; cash_net_MDD=1; cash_net_stress_loss=0; CVaR=0; MDD=0; stress_loss=0; return_drag=0,cash_net_MDD,-0.004751,2024 Middle East / Shipping Supply Shock
055550.KS,higher_for_longer_long_rate_shock,1,1,1,0,0,0,0.0,0.003108,0.043751,0.043645,0.046078,0.000128,0.0,0.000128,0.003108,0.043751,0.043567,0.045995,1,0,0,-0.000765,0.002826,0.006453,net_CVaR=0; net_MDD=0; net_stress_loss=0; cost_adjusted_return_drag=0; cash_net_CVaR=1; cash_net_MDD=0; cash_net_stress_loss=0; CVaR=0; MDD=0; stress_loss=0; return_drag=0,cash_net_CVaR,-0.000765,2022 Global Rate Shock
055550.KS,semiconductor_ai_cycle_shock,1,1,1,0,0,0,0.0,0.001321,0.019337,0.020157,0.045968,0.000128,0.0,0.000128,0.001321,0.019337,0.020036,0.045688,1,0,0,-0.002193,0.003703,0.014334,net_CVaR=0; net_MDD=0; net_stress_loss=0; cost_adjusted_return_drag=0; cash_net_CVaR=1; cash_net_MDD=0; cash_net_stress_loss=0; CVaR=0; MDD=0; stress_loss=0; return_drag=0,cash_net_CVaR,-0.002193,2024 AI Semiconductor Concentration / Pullback Risk
055550.KS,stagflation_reinflation_energy_shock,1,1,1,0,0,0,0.0,0.002583,0.026857,0.02739,0.03347,0.000128,0.0,0.000128,0.002583,0.026857,0.027299,0.033359,0,0,1,-0.000969,-0.005791,0.000543,net_CVaR=0; net_MDD=0; net_stress_loss=0; cost_adjusted_return_drag=0; cash_net_CVaR=1; cash_net_MDD=1; cash_net_stress_loss=0; CVaR=0; MDD=0; stress_loss=0; return_drag=0,cash_net_MDD,-0.005791,Russia-Ukraine / War-Energy Shock
055550.KS,usd_strength_krw_weakness,1,1,1,0,0,0,0.0,0.001931,0.020995,0.009702,0.01802,0.000128,0.0,0.000128,0.001906,0.020995,0.009594,0.017817,0,0,1,-0.001515,-0.003146,-0.007572,net_CVaR=0; net_MDD=0; net_stress_loss=0; cost_adjusted_return_drag=0; cash_net_CVaR=1; cash_net_MDD=1; cash_net_stress_loss=1; CVaR=0; MDD=0; stress_loss=0; return_drag=0,cash_net_stress_loss,-0.00768,2022 KRW Weakness / USD Strength
068270.KS,acute_global_stress_liquidity_crunch,3,3,3,0,0,0,0.0,0.000634,0.024945,0.07607,0.052502,0.000128,0.0,0.000128,0.000634,0.024945,0.075945,0.051935,2,0,1,-0.004214,0.000247,0.067983,net_CVaR=1; net_MDD=0; net_stress_loss=1; cost_adjusted_return_drag=1; cash_net_CVaR=3; cash_net_MDD=1; cash_net_stress_loss=0; CVaR=1; MDD=0; stress_loss=1; return_drag=1,cost_adjusted_return_drag,-0.076157,2023 US Regional Bank / Credit Stress
068270.KS,china_trade_fragmentation_shock,1,1,1,0,0,0,0.0,0.001887,0.013496,-0.073397,-0.031073,0.000128,0.0,0.000128,0.001887,0.013496,-0.073652,-0.031182,1,0,0,-6.2e-05,0.003619,0.014668,net_CVaR=0; net_MDD=0; net_stress_loss=1; cost_adjusted_return_drag=1; cash_net_CVaR=1; cash_net_MDD=0; cash_net_stress_loss=0; CVaR=0; MDD=0; stress_loss=1; return_drag=1,net_stress_loss,-0.073652,China Slowdown / Property Stress
068270.KS,geopolitical_escalation_supply_shock,1,1,1,0,0,0,0.0,0.001016,0.004052,-0.004105,-0.01773,0.000128,0.0,0.000128,0.001016,0.004052,-0.004231,-0.018271,0,0,1,-0.001258,-0.00366,-0.00364,net_CVaR=0; net_MDD=0; net_stress_loss=1; cost_adjusted_return_drag=1; cash_net_CVaR=1; cash_net_MDD=1; cash_net_stress_loss=1; CVaR=0; MDD=0; stress_loss=1; return_drag=1,cost_adjusted_return_drag,-0.018271,2024 Middle East / Shipping Supply Shock
068270.KS,higher_for_longer_long_rate_shock,1,1,1,0,0,0,0.0,0.00161,0.029098,0.033173,0.034979,0.000128,0.0,0.000128,0.00161,0.029027,0.033096,0.034898,0,0,1,-0.002263,-0.011826,-0.004019,net_CVaR=0; net_MDD=0; net_stress_loss=0; cost_adjusted_return_drag=0; cash_net_CVaR=1; cash_net_MDD=1; cash_net_stress_loss=1; CVaR=0; MDD=0; stress_loss=0; return_drag=0,cash_net_MDD,-0.011897,2022 Global Rate Shock
068270.KS,semiconductor_ai_cycle_shock,1,1,1,0,0,0,0.0,0.002317,0.014275,0.007929,0.017907,0.000128,0.0,0.000128,0.002317,0.014275,0.00781,0.017635,0,0,1,-0.001197,-0.001359,0.002106,net_CVaR=0; net_MDD=0; net_stress_loss=0; cost_adjusted_return_drag=0; cash_net_CVaR=1; cash_net_MDD=1; cash_net_stress_loss=0; CVaR=0; MDD=0; stress_loss=0; return_drag=0,cash_net_MDD,-0.001359,2024 AI Semiconductor Concentration / Pullback Risk
068270.KS,stagflation_reinflation_energy_shock,1,1,1,0,0,0,0.0,0.002263,0.036732,0.048575,0.059747,0.000128,0.0,0.000128,0.002263,0.036732,0.048482,0.059631,1,0,0,-0.00129,0.004085,0.021728,net_CVaR=0; net_MDD=0; net_stress_loss=0; cost_adjusted_return_drag=0; cash_net_CVaR=1; cash_net_MDD=0; cash_net_stress_loss=0; CVaR=0; MDD=0; stress_loss=0; return_drag=0,cash_net_CVaR,-0.00129,Russia-Ukraine / War-Energy Shock
068270.KS,usd_strength_krw_weakness,1,1,1,0,0,0,0.0,0.00258,0.019308,0.032332,0.061509,0.000128,0.0,0.000128,0.002555,0.019308,0.032221,0.061291,0,0,1,-0.000866,-0.004834,0.015058,net_CVaR=0; net_MDD=0; net_stress_loss=0; cost_adjusted_return_drag=0; cash_net_CVaR=1; cash_net_MDD=1; cash_net_stress_loss=0; CVaR=0; MDD=0; stress_loss=0; return_drag=0,cash_net_MDD,-0.004834,2022 KRW Weakness / USD Strength
105560.KS,acute_global_stress_liquidity_crunch,3,3,3,0,0,0,0.0,0.001956,0.004611,-0.008854,-0.053739,0.000128,0.0,0.000128,0.001956,0.004611,-0.008968,-0.054264,0,0,3,-0.002892,-0.020087,-0.016941,net_CVaR=0; net_MDD=0; net_stress_loss=3; cost_adjusted_return_drag=3; cash_net_CVaR=3; cash_net_MDD=2; cash_net_stress_loss=3; CVaR=0; MDD=0; stress_loss=3; return_drag=3,cost_adjusted_return_drag,-0.146239,2023 US Regional Bank / Credit Stress
105560.KS,china_trade_fragmentation_shock,1,1,1,0,0,0,0.0,0.001959,0.013308,-0.047098,-0.019883,0.000128,0.0,0.000128,0.001959,0.013308,-0.047356,-0.019993,1,0,0,1.1e-05,0.00343,0.040966,net_CVaR=0; net_MDD=0; net_stress_loss=1; cost_adjusted_return_drag=1; cash_net_CVaR=0; cash_net_MDD=0; cash_net_stress_loss=0; CVaR=0; MDD=0; stress_loss=1; return_drag=1,net_stress_loss,-0.047356,China Slowdown / Property Stress
105560.KS,geopolitical_escalation_supply_shock,1,1,1,0,0,0,0.0,0.002256,0.003529,0.017082,0.076364,0.000128,0.0,0.000128,0.002256,0.003529,0.016954,0.075775,0,0,1,-1.8e-05,-0.004182,0.017547,net_CVaR=0; net_MDD=0; net_stress_loss=0; cost_adjusted_return_drag=0; cash_net_CVaR=1; cash_net_MDD=1; cash_net_stress_loss=0; CVaR=0; MDD=0; stress_loss=0; return_drag=0,cash_net_MDD,-0.004182,2024 Middle East / Shipping Supply Shock
105560.KS,higher_for_longer_long_rate_shock,1,1,1,0,0,0,0.0,0.002986,0.034115,0.035332,0.037266,0.000128,0.0,0.000128,0.002986,0.034115,0.035255,0.037185,0,0,1,-0.000888,-0.006809,-0.001859,net_CVaR=0; net_MDD=0; net_stress_loss=0; cost_adjusted_return_drag=0; cash_net_CVaR=1; cash_net_MDD=1; cash_net_stress_loss=1; CVaR=0; MDD=0; stress_loss=0; return_drag=0,cash_net_MDD,-0.006809,2022 Global Rate Shock
105560.KS,semiconductor_ai_cycle_shock,1,1,1,0,0,0,0.0,0.001587,0.012058,0.018728,0.042661,0.000128,0.0,0.000128,0.001587,0.012058,0.018607,0.042382,0,0,1,-0.001927,-0.003577,0.012905,net_CVaR=0; net_MDD=0; net_stress_loss=0; cost_adjusted_return_drag=0; cash_net_CVaR=1; cash_net_MDD=1; cash_net_stress_loss=0; CVaR=0; MDD=0; stress_loss=0; return_drag=0,cash_net_MDD,-0.003577,2024 AI Semiconductor Concentration / Pullback Risk
105560.KS,stagflation_reinflation_energy_shock,1,1,1,0,0,0,0.0,0.002401,0.020409,0.018285,0.022281,0.000128,0.0,0.000128,0.002401,0.020409,0.018195,0.022171,0,0,1,-0.001152,-0.012238,-0.008562,net_CVaR=0; net_MDD=0; net_stress_loss=0; cost_adjusted_return_drag=0; cash_net_CVaR=1; cash_net_MDD=1; cash_net_stress_loss=1; CVaR=0; MDD=0; stress_loss=0; return_drag=0,cash_net_MDD,-0.012238,Russia-Ukraine / War-Energy Shock
105560.KS,usd_strength_krw_weakness,1,1,1,0,0,0,0.0,0.002399,0.018527,0.011451,0.021306,0.000128,0.0,0.000128,0.002373,0.018527,0.011342,0.021103,0,0,1,-0.001047,-0.005615,-0.005823,net_CVaR=0; net_MDD=0; net_stress_loss=0; cost_adjusted_return_drag=0; cash_net_CVaR=1; cash_net_MDD=1; cash_net_stress_loss=1; CVaR=0; MDD=0; stress_loss=0; return_drag=0,cash_net_stress_loss,-0.005932,2022 KRW Weakness / USD Strength
114800.KS,acute_global_stress_liquidity_crunch,3,3,3,0,0,0,0.0,0.007095,0.037562,0.011137,-0.018428,0.000128,0.0,0.000128,0.007095,0.037562,0.011019,-0.018976,3,0,0,0.002247,0.013062,0.003461,net_CVaR=0; net_MDD=0; net_stress_loss=1; cost_adjusted_return_drag=1; cash_net_CVaR=1; cash_net_MDD=0; cash_net_stress_loss=1; CVaR=0; MDD=0; stress_loss=1; return_drag=1,cost_adjusted_return_drag,-0.157727,2023 US Regional Bank / Credit Stress
114800.KS,china_trade_fragmentation_shock,1,1,1,0,0,0,0.0,0.002527,0.014203,-0.079887,-0.033845,0.000128,0.0,0.000128,0.002527,0.014203,-0.080141,-0.033953,1,0,0,0.000578,0.004325,0.008178,net_CVaR=0; net_MDD=0; net_stress_loss=1; cost_adjusted_return_drag=1; cash_net_CVaR=0; cash_net_MDD=0; cash_net_stress_loss=0; CVaR=0; MDD=0; stress_loss=1; return_drag=1,net_stress_loss,-0.080141,China Slowdown / Property Stress
114800.KS,geopolitical_escalation_supply_shock,1,1,1,0,0,0,0.0,0.003654,0.012687,0.000174,0.000757,0.000128,0.0,0.000128,0.003654,0.012687,4.7e-05,0.000205,1,0,0,0.001379,0.004975,0.000639,net_CVaR=0; net_MDD=0; net_stress_loss=0; cost_adjusted_return_drag=0; cash_net_CVaR=0; cash_net_MDD=0; cash_net_stress_loss=0; CVaR=0; MDD=0; stress_loss=0; return_drag=0,net_stress_loss,4.7e-05,2024 Middle East / Shipping Supply Shock
114800.KS,higher_for_longer_long_rate_shock,1,1,1,0,0,0,0.0,0.006563,0.069395,0.058954,0.062348,0.000128,0.0,0.000128,0.006563,0.069395,0.058874,0.062263,1,0,0,0.00269,0.028471,0.021763,net_CVaR=0; net_MDD=0; net_stress_loss=0; cost_adjusted_return_drag=0; cash_net_CVaR=0; cash_net_MDD=0; cash_net_stress_loss=0; CVaR=0; MDD=0; stress_loss=0; return_drag=0,cash_net_CVaR,0.00269,2022 Global Rate Shock
114800.KS,semiconductor_ai_cycle_shock,1,1,1,0,0,0,0.0,0.006312,0.030347,0.012579,0.028514,0.000128,0.0,0.000128,0.006312,0.030347,0.012459,0.02824,1,0,0,0.002797,0.014713,0.006756,net_CVaR=0; net_MDD=0; net_stress_loss=0; cost_adjusted_return_drag=0; cash_net_CVaR=0; cash_net_MDD=0; cash_net_stress_loss=0; CVaR=0; MDD=0; stress_loss=0; return_drag=0,cash_net_CVaR,0.002797,2024 AI Semiconductor Concentration / Pullback Risk
114800.KS,stagflation_reinflation_energy_shock,1,1,1,0,0,0,0.0,0.005577,0.051608,0.039553,0.048516,0.000128,0.0,0.000128,0.005577,0.051608,0.039461,0.048401,1,0,0,0.002024,0.018961,0.012706,net_CVaR=0; net_MDD=0; net_stress_loss=0; cost_adjusted_return_drag=0; cash_net_CVaR=0; cash_net_MDD=0; cash_net_stress_loss=0; CVaR=0; MDD=0; stress_loss=0; return_drag=0,cash_net_CVaR,0.002024,Russia-Ukraine / War-Energy Shock
114800.KS,usd_strength_krw_weakness,1,1,1,0,0,0,0.0,0.005415,0.036638,0.026253,0.049624,0.000128,0.0,0.000128,0.005389,0.036638,0.026143,0.049411,1,0,0,0.001969,0.012496,0.008979,net_CVaR=0; net_MDD=0; net_stress_loss=0; cost_adjusted_return_drag=0; cash_net_CVaR=0; cash_net_MDD=0; cash_net_stress_loss=0; CVaR=0; MDD=0; stress_loss=0; return_drag=0,cash_net_CVaR,0.001943,2022 KRW Weakness / USD Strength
FXE,acute_global_stress_liquidity_crunch,3,3,3,0,0,0,0.0,0.004569,0.023152,0.008093,-0.01838,0.000128,0.0,0.000128,0.004569,0.023152,0.007975,-0.018926,2,0,1,-0.00028,-0.001435,0.000871,net_CVaR=0; net_MDD=0; net_stress_loss=1; cost_adjusted_return_drag=1; cash_net_CVaR=2; cash_net_MDD=2; cash_net_stress_loss=0; CVaR=0; MDD=0; stress_loss=1; return_drag=1,cost_adjusted_return_drag,-0.114,2023 US Regional Bank / Credit Stress
FXE,china_trade_fragmentation_shock,1,1,1,0,0,0,0.0,0.002005,0.011138,-0.086608,-0.036719,0.000128,0.0,0.000128,0.002005,0.011138,-0.086861,-0.036827,1,0,0,5.7e-05,0.00126,0.001457,net_CVaR=0; net_MDD=0; net_stress_loss=1; cost_adjusted_return_drag=1; cash_net_CVaR=0; cash_net_MDD=0; cash_net_stress_loss=0; CVaR=0; MDD=0; stress_loss=1; return_drag=1,net_stress_loss,-0.086861,China Slowdown / Property Stress
FXE,geopolitical_escalation_supply_shock,1,1,1,0,0,0,0.0,0.00241,0.00773,5.3e-05,0.000229,0.000128,0.0,0.000128,0.00241,0.00773,-7.4e-05,-0.000321,1,0,0,0.000136,1.8e-05,0.000517,net_CVaR=0; net_MDD=0; net_stress_loss=1; cost_adjusted_return_drag=1; cash_net_CVaR=0; cash_net_MDD=0; cash_net_stress_loss=0; CVaR=0; MDD=0; stress_loss=0; return_drag=0,cost_adjusted_return_drag,-0.000321,2024 Middle East / Shipping Supply Shock
FXE,higher_for_longer_long_rate_shock,1,1,1,0,0,0,0.0,0.0035,0.032101,0.028954,0.030674,0.000128,0.0,0.000128,0.0035,0.032101,0.028877,0.030592,0,0,1,-0.000472,-0.00854,-0.00785,net_CVaR=0; net_MDD=0; net_stress_loss=0; cost_adjusted_return_drag=0; cash_net_CVaR=1; cash_net_MDD=1; cash_net_stress_loss=1; CVaR=0; MDD=0; stress_loss=0; return_drag=0,cash_net_MDD,-0.00854,2022 Global Rate Shock
FXE,semiconductor_ai_cycle_shock,1,1,1,0,0,0,0.0,0.003605,0.016515,0.008189,0.018498,0.000128,0.0,0.000128,0.003605,0.016515,0.00807,0.018227,1,0,0,9.1e-05,0.00088,0.002366,net_CVaR=0; net_MDD=0; net_stress_loss=0; cost_adjusted_return_drag=0; cash_net_CVaR=0; cash_net_MDD=0; cash_net_stress_loss=0; CVaR=0; MDD=0; stress_loss=0; return_drag=0,cash_net_CVaR,9.1e-05,2024 AI Semiconductor Concentration / Pullback Risk
FXE,stagflation_reinflation_energy_shock,1,1,1,0,0,0,0.0,0.003113,0.026123,0.019563,0.023848,0.000128,0.0,0.000128,0.003113,0.026123,0.019473,0.023738,0,0,1,-0.00044,-0.006524,-0.007284,net_CVaR=0; net_MDD=0; net_stress_loss=0; cost_adjusted_return_drag=0; cash_net_CVaR=1; cash_net_MDD=1; cash_net_stress_loss=1; CVaR=0; MDD=0; stress_loss=0; return_drag=0,cash_net_stress_loss,-0.007374,Russia-Ukraine / War-Energy Shock
FXE,usd_strength_krw_weakness,1,1,1,0,0,0,0.0,0.003037,0.020898,0.013369,0.024926,0.000128,0.0,0.000128,0.003011,0.020898,0.01326,0.024721,0,0,1,-0.000409,-0.003244,-0.003906,net_CVaR=0; net_MDD=0; net_stress_loss=0; cost_adjusted_return_drag=0; cash_net_CVaR=1; cash_net_MDD=1; cash_net_stress_loss=1; CVaR=0; MDD=0; stress_loss=0; return_drag=0,cash_net_stress_loss,-0.004014,2022 KRW Weakness / USD Strength
FXF,acute_global_stress_liquidity_crunch,3,3,3,0,0,0,0.0,0.004694,0.024265,0.009468,-0.014554,0.000128,0.0,0.000128,0.004694,0.024265,0.00935,-0.015102,2,0,1,-0.000154,-0.000322,0.002247,net_CVaR=0; net_MDD=0; net_stress_loss=1; cost_adjusted_return_drag=1; cash_net_CVaR=2; cash_net_MDD=2; cash_net_stress_loss=0; CVaR=0; MDD=0; stress_loss=1; return_drag=1,cost_adjusted_return_drag,-0.106019,2023 US Regional Bank / Credit Stress
FXF,china_trade_fragmentation_shock,1,1,1,0,0,0,0.0,0.002095,0.012514,-0.085363,-0.036186,0.000128,0.0,0.000128,0.002095,0.012514,-0.085616,-0.036295,1,0,0,0.000146,0.002636,0.002702,net_CVaR=0; net_MDD=0; net_stress_loss=1; cost_adjusted_return_drag=1; cash_net_CVaR=0; cash_net_MDD=0; cash_net_stress_loss=0; CVaR=0; MDD=0; stress_loss=1; return_drag=1,net_stress_loss,-0.085616,China Slowdown / Property Stress
FXF,geopolitical_escalation_supply_shock,1,1,1,0,0,0,0.0,0.002565,0.008071,-0.001334,-0.005787,0.000128,0.0,0.000128,0.002565,0.008071,-0.00146,-0.006335,1,0,0,0.000291,0.000359,-0.000869,net_CVaR=0; net_MDD=0; net_stress_loss=1; cost_adjusted_return_drag=1; cash_net_CVaR=0; cash_net_MDD=0; cash_net_stress_loss=1; CVaR=0; MDD=0; stress_loss=1; return_drag=1,cost_adjusted_return_drag,-0.006335,2024 Middle East / Shipping Supply Shock
FXF,higher_for_longer_long_rate_shock,1,1,1,0,0,0,0.0,0.003489,0.03692,0.033251,0.035244,0.000128,0.0,0.000128,0.003489,0.03692,0.033173,0.035161,0,0,1,-0.000484,-0.003722,-0.003553,net_CVaR=0; net_MDD=0; net_stress_loss=0; cost_adjusted_return_drag=0; cash_net_CVaR=1; cash_net_MDD=1; cash_net_stress_loss=1; CVaR=0; MDD=0; stress_loss=0; return_drag=0,cash_net_MDD,-0.003722,2022 Global Rate Shock
FXF,semiconductor_ai_cycle_shock,1,1,1,0,0,0,0.0,0.003935,0.019172,0.010474,0.023702,0.000128,0.0,0.000128,0.003935,0.019172,0.010354,0.023429,1,0,0,0.000421,0.003538,0.00465,net_CVaR=0; net_MDD=0; net_stress_loss=0; cost_adjusted_return_drag=0; cash_net_CVaR=0; cash_net_MDD=0; cash_net_stress_loss=0; CVaR=0; MDD=0; stress_loss=0; return_drag=0,cash_net_CVaR,0.000421,2024 AI Semiconductor Concentration / Pullback Risk
FXF,stagflation_reinflation_energy_shock,1,1,1,0,0,0,0.0,0.003111,0.029852,0.023232,0.028353,0.000128,0.0,0.000128,0.003111,0.029852,0.023142,0.028243,0,0,1,-0.000441,-0.002795,-0.003615,net_CVaR=0; net_MDD=0; net_stress_loss=0; cost_adjusted_return_drag=0; cash_net_CVaR=1; cash_net_MDD=1; cash_net_stress_loss=1; CVaR=0; MDD=0; stress_loss=0; return_drag=0,cash_net_stress_loss,-0.003705,Russia-Ukraine / War-Energy Shock
FXF,usd_strength_krw_weakness,1,1,1,0,0,0,0.0,0.003014,0.021752,0.016151,0.030203,0.000128,0.0,0.000128,0.002989,0.021752,0.016042,0.029996,0,0,1,-0.000432,-0.00239,-0.001123,net_CVaR=0; net_MDD=0; net_stress_loss=0; cost_adjusted_return_drag=0; cash_net_CVaR=1; cash_net_MDD=1; cash_net_stress_loss=1; CVaR=0; MDD=0; stress_loss=0; return_drag=0,cash_net_MDD,-0.00239,2022 KRW Weakness / USD Strength
FXY,acute_global_stress_liquidity_crunch,3,3,3,0,0,0,0.0,0.005454,0.028861,0.012243,-0.018699,0.000128,0.0,0.000128,0.005454,0.028861,0.012126,-0.019242,2,0,1,0.000605,0.004274,0.004074,net_CVaR=0; net_MDD=0; net_stress_loss=1; cost_adjusted_return_drag=1; cash_net_CVaR=0; cash_net_MDD=1; cash_net_stress_loss=1; CVaR=0; MDD=0; stress_loss=1; return_drag=1,cost_adjusted_return_drag,-0.127762,2023 US Regional Bank / Credit Stress
FXY,china_trade_fragmentation_shock,1,1,1,0,0,0,0.0,0.001949,0.012461,-0.096016,-0.04075,0.000128,0.0,0.000128,0.001949,0.012461,-0.096267,-0.040858,1,0,0,0.0,0.002583,-0.007951,net_CVaR=0; net_MDD=0; net_stress_loss=1; cost_adjusted_return_drag=1; cash_net_CVaR=0; cash_net_MDD=0; cash_net_stress_loss=1; CVaR=0; MDD=0; stress_loss=1; return_drag=1,net_stress_loss,-0.096267,China Slowdown / Property Stress
FXY,geopolitical_escalation_supply_shock,1,1,1,0,0,0,0.0,0.002364,0.006937,-0.003278,-0.014179,0.000128,0.0,0.000128,0.002364,0.006937,-0.003405,-0.014722,0,0,1,8.9e-05,-0.000775,-0.002814,net_CVaR=0; net_MDD=0; net_stress_loss=1; cost_adjusted_return_drag=1; cash_net_CVaR=0; cash_net_MDD=1; cash_net_stress_loss=1; CVaR=0; MDD=0; stress_loss=1; return_drag=1,cost_adjusted_return_drag,-0.014722,2024 Middle East / Shipping Supply Shock
FXY,higher_for_longer_long_rate_shock,1,1,1,0,0,0,0.0,0.003599,0.026499,0.02256,0.023881,0.000128,0.0,0.000128,0.003599,0.026499,0.022484,0.0238,0,0,1,-0.000373,-0.014143,-0.014244,net_CVaR=0; net_MDD=0; net_stress_loss=0; cost_adjusted_return_drag=0; cash_net_CVaR=1; cash_net_MDD=1; cash_net_stress_loss=1; CVaR=0; MDD=0; stress_loss=0; return_drag=0,cash_net_stress_loss,-0.01432,2022 Global Rate Shock
FXY,semiconductor_ai_cycle_shock,1,1,1,0,0,0,0.0,0.003992,0.022027,0.008764,0.019805,0.000128,0.0,0.000128,0.003992,0.022027,0.008645,0.019534,1,0,0,0.000478,0.006393,0.002941,net_CVaR=0; net_MDD=0; net_stress_loss=0; cost_adjusted_return_drag=0; cash_net_CVaR=0; cash_net_MDD=0; cash_net_stress_loss=0; CVaR=0; MDD=0; stress_loss=0; return_drag=0,cash_net_CVaR,0.000478,2024 AI Semiconductor Concentration / Pullback Risk
FXY,stagflation_reinflation_energy_shock,1,1,1,0,0,0,0.0,0.003204,0.022507,0.012918,0.015715,0.000128,0.0,0.000128,0.003204,0.022507,0.012829,0.015606,0,0,1,-0.000349,-0.01014,-0.013929,net_CVaR=0; net_MDD=0; net_stress_loss=0; cost_adjusted_return_drag=0; cash_net_CVaR=1; cash_net_MDD=1; cash_net_stress_loss=1; CVaR=0; MDD=0; stress_loss=0; return_drag=0,cash_net_stress_loss,-0.014018,Russia-Ukraine / War-Energy Shock
FXY,usd_strength_krw_weakness,1,1,1,0,0,0,0.0,0.003218,0.017643,0.010454,0.019432,0.000128,0.0,0.000128,0.003193,0.017643,0.010346,0.019229,0,0,1,-0.000228,-0.006499,-0.00682,net_CVaR=0; net_MDD=0; net_stress_loss=0; cost_adjusted_return_drag=0; cash_net_CVaR=1; cash_net_MDD=1; cash_net_stress_loss=1; CVaR=0; MDD=0; stress_loss=0; return_drag=0,cash_net_stress_loss,-0.006928,2022 KRW Weakness / USD Strength
IAU,acute_global_stress_liquidity_crunch,3,3,3,0,0,0,0.0,0.004671,0.023162,0.014788,-0.002466,0.000128,0.0,0.000128,0.004671,0.023162,0.01467,-0.00302,1,0,2,-0.000177,-0.001573,0.006927,net_CVaR=0; net_MDD=0; net_stress_loss=1; cost_adjusted_return_drag=1; cash_net_CVaR=2; cash_net_MDD=2; cash_net_stress_loss=0; CVaR=0; MDD=0; stress_loss=1; return_drag=1,cost_adjusted_return_drag,-0.086718,2023 US Regional Bank / Credit Stress
IAU,china_trade_fragmentation_shock,1,1,1,0,0,0,0.0,0.002156,0.012688,-0.06912,-0.029249,0.000128,0.0,0.000128,0.002156,0.012688,-0.069375,-0.029358,1,0,0,0.000208,0.00281,0.018944,net_CVaR=0; net_MDD=0; net_stress_loss=1; cost_adjusted_return_drag=1; cash_net_CVaR=0; cash_net_MDD=0; cash_net_stress_loss=0; CVaR=0; MDD=0; stress_loss=1; return_drag=1,net_stress_loss,-0.069375,China Slowdown / Property Stress
IAU,geopolitical_escalation_supply_shock,1,1,1,0,0,0,0.0,0.002763,0.010894,0.003949,0.017279,0.000128,0.0,0.000128,0.002763,0.010894,0.003821,0.016719,1,0,0,0.000488,0.003183,0.004413,net_CVaR=0; net_MDD=0; net_stress_loss=0; cost_adjusted_return_drag=0; cash_net_CVaR=0; cash_net_MDD=0; cash_net_stress_loss=0; CVaR=0; MDD=0; stress_loss=0; return_drag=0,cash_net_CVaR,0.000488,2024 Middle East / Shipping Supply Shock
IAU,higher_for_longer_long_rate_shock,1,1,1,0,0,0,0.0,0.003852,0.038288,0.033339,0.035338,0.000128,0.0,0.000128,0.003852,0.038288,0.033262,0.035256,0,0,1,-0.00012,-0.002353,-0.003465,net_CVaR=0; net_MDD=0; net_stress_loss=0; cost_adjusted_return_drag=0; cash_net_CVaR=1; cash_net_MDD=1; cash_net_stress_loss=1; CVaR=0; MDD=0; stress_loss=0; return_drag=0,cash_net_stress_loss,-0.003542,2022 Global Rate Shock
IAU,semiconductor_ai_cycle_shock,1,1,1,0,0,0,0.0,0.003636,0.016596,0.010087,0.022819,0.000128,0.0,0.000128,0.003636,0.016596,0.009968,0.022547,1,0,0,0.000122,0.000961,0.004264,net_CVaR=0; net_MDD=0; net_stress_loss=0; cost_adjusted_return_drag=0; cash_net_CVaR=0; cash_net_MDD=0; cash_net_stress_loss=0; CVaR=0; MDD=0; stress_loss=0; return_drag=0,cash_net_CVaR,0.000122,2024 AI Semiconductor Concentration / Pullback Risk
IAU,stagflation_reinflation_energy_shock,1,1,1,0,0,0,0.0,0.003512,0.028234,0.02357,0.028769,0.000128,0.0,0.000128,0.003512,0.028234,0.02348,0.028658,0,0,1,-4e-05,-0.004413,-0.003277,net_CVaR=0; net_MDD=0; net_stress_loss=0; cost_adjusted_return_drag=0; cash_net_CVaR=1; cash_net_MDD=1; cash_net_stress_loss=1; CVaR=0; MDD=0; stress_loss=0; return_drag=0,cash_net_MDD,-0.004413,Russia-Ukraine / War-Energy Shock
IAU,usd_strength_krw_weakness,1,1,1,0,0,0,0.0,0.002869,0.020154,0.010895,0.02026,0.000128,0.0,0.000128,0.002843,0.020154,0.010787,0.020056,0,0,1,-0.000577,-0.003988,-0.006379,net_CVaR=0; net_MDD=0; net_stress_loss=0; cost_adjusted_return_drag=0; cash_net_CVaR=1; cash_net_MDD=1; cash_net_stress_loss=1; CVaR=0; MDD=0; stress_loss=0; return_drag=0,cash_net_stress_loss,-0.006488,2022 KRW Weakness / USD Strength
PSQ,acute_global_stress_liquidity_crunch,3,3,3,0,0,0,0.0,0.008487,0.047654,0.014754,-0.037774,0.000128,0.0,0.000128,0.008487,0.047654,0.014637,-0.038304,3,0,0,0.003639,0.023067,0.006585,net_CVaR=0; net_MDD=0; net_stress_loss=1; cost_adjusted_return_drag=1; cash_net_CVaR=0; cash_net_MDD=0; cash_net_stress_loss=1; CVaR=0; MDD=0; stress_loss=1; return_drag=1,cost_adjusted_return_drag,-0.196338,2023 US Regional Bank / Credit Stress
PSQ,china_trade_fragmentation_shock,1,1,1,0,0,0,0.0,0.002059,0.010772,-0.111815,-0.047538,0.000128,0.0,0.000128,0.002059,0.010772,-0.112064,-0.047645,1,0,0,0.00011,0.000895,-0.023751,net_CVaR=0; net_MDD=0; net_stress_loss=1; cost_adjusted_return_drag=1; cash_net_CVaR=0; cash_net_MDD=0; cash_net_stress_loss=1; CVaR=0; MDD=0; stress_loss=1; return_drag=1,net_stress_loss,-0.112064,China Slowdown / Property Stress
PSQ,geopolitical_escalation_supply_shock,1,1,1,0,0,0,0.0,0.003061,0.011755,0.000495,0.002155,0.000128,0.0,0.000128,0.003061,0.011755,0.000369,0.001604,1,0,0,0.000787,0.004044,0.00096,net_CVaR=0; net_MDD=0; net_stress_loss=0; cost_adjusted_return_drag=0; cash_net_CVaR=0; cash_net_MDD=0; cash_net_stress_loss=0; CVaR=0; MDD=0; stress_loss=0; return_drag=0,net_stress_loss,0.000369,2024 Middle East / Shipping Supply Shock
PSQ,higher_for_longer_long_rate_shock,1,1,1,0,0,0,0.0,0.006989,0.070177,0.062871,0.06688,0.000128,0.0,0.000128,0.006989,0.070177,0.06279,0.066793,1,0,0,0.003016,0.029535,0.026067,net_CVaR=0; net_MDD=0; net_stress_loss=0; cost_adjusted_return_drag=0; cash_net_CVaR=0; cash_net_MDD=0; cash_net_stress_loss=0; CVaR=0; MDD=0; stress_loss=0; return_drag=0,cash_net_CVaR,0.003016,2022 Global Rate Shock
PSQ,semiconductor_ai_cycle_shock,1,1,1,0,0,0,0.0,0.004921,0.023953,0.004934,0.011116,0.000128,0.0,0.000128,0.004921,0.023953,0.004815,0.010848,1,0,0,0.001407,0.008319,-0.000889,net_CVaR=0; net_MDD=0; net_stress_loss=0; cost_adjusted_return_drag=0; cash_net_CVaR=0; cash_net_MDD=0; cash_net_stress_loss=1; CVaR=0; MDD=0; stress_loss=0; return_drag=0,cash_net_stress_loss,-0.001008,2024 AI Semiconductor Concentration / Pullback Risk
PSQ,stagflation_reinflation_energy_shock,1,1,1,0,0,0,0.0,0.00601,0.050689,0.042468,0.052138,0.000128,0.0,0.000128,0.00601,0.050689,0.042375,0.052023,1,0,0,0.002457,0.018042,0.015621,net_CVaR=0; net_MDD=0; net_stress_loss=0; cost_adjusted_return_drag=0; cash_net_CVaR=0; cash_net_MDD=0; cash_net_stress_loss=0; CVaR=0; MDD=0; stress_loss=0; return_drag=0,cash_net_CVaR,0.002457,Russia-Ukraine / War-Energy Shock
PSQ,usd_strength_krw_weakness,1,1,1,0,0,0,0.0,0.005216,0.037833,0.02214,0.041667,0.000128,0.0,0.000128,0.005191,0.037833,0.022031,0.041457,1,0,0,0.00177,0.013691,0.004866,net_CVaR=0; net_MDD=0; net_stress_loss=0; cost_adjusted_return_drag=0; cash_net_CVaR=0; cash_net_MDD=0; cash_net_stress_loss=0; CVaR=0; MDD=0; stress_loss=0; return_drag=0,cash_net_CVaR,0.001745,2022 KRW Weakness / USD Strength
SH,acute_global_stress_liquidity_crunch,3,3,3,0,0,0,0.0,0.008799,0.048166,0.023723,-0.010328,0.000128,0.0,0.000128,0.008799,0.048166,0.023604,-0.010873,3,0,0,0.003951,0.023579,0.015553,net_CVaR=0; net_MDD=0; net_stress_loss=1; cost_adjusted_return_drag=1; cash_net_CVaR=0; cash_net_MDD=0; cash_net_stress_loss=1; CVaR=0; MDD=0; stress_loss=1; return_drag=1,cost_adjusted_return_drag,-0.142734,2023 US Regional Bank / Credit Stress
SH,china_trade_fragmentation_shock,1,1,1,0,0,0,0.0,0.002101,0.01024,-0.102985,-0.043741,0.000128,0.0,0.000128,0.002101,0.01024,-0.103235,-0.043848,1,0,0,0.000152,0.000362,-0.01492,net_CVaR=0; net_MDD=0; net_stress_loss=1; cost_adjusted_return_drag=1; cash_net_CVaR=0; cash_net_MDD=0; cash_net_stress_loss=1; CVaR=0; MDD=0; stress_loss=1; return_drag=1,net_stress_loss,-0.103235,China Slowdown / Property Stress
SH,geopolitical_escalation_supply_shock,1,1,1,0,0,0,0.0,0.002581,0.010596,-0.000498,-0.002164,0.000128,0.0,0.000128,0.002581,0.010596,-0.000625,-0.002714,1,0,0,0.000307,0.002884,-3.3e-05,net_CVaR=0; net_MDD=0; net_stress_loss=1; cost_adjusted_return_drag=1; cash_net_CVaR=0; cash_net_MDD=0; cash_net_stress_loss=1; CVaR=0; MDD=0; stress_loss=1; return_drag=1,cost_adjusted_return_drag,-0.002714,2024 Middle East / Shipping Supply Shock
SH,higher_for_longer_long_rate_shock,1,1,1,0,0,0,0.0,0.005914,0.059309,0.05042,0.053554,0.000128,0.0,0.000128,0.005914,0.059309,0.05034,0.053469,1,0,0,0.001942,0.018667,0.013616,net_CVaR=0; net_MDD=0; net_stress_loss=0; cost_adjusted_return_drag=0; cash_net_CVaR=0; cash_net_MDD=0; cash_net_stress_loss=0; CVaR=0; MDD=0; stress_loss=0; return_drag=0,cash_net_CVaR,0.001942,2022 Global Rate Shock
SH,semiconductor_ai_cycle_shock,1,1,1,0,0,0,0.0,0.004517,0.021125,0.0044,0.009909,0.000128,0.0,0.000128,0.004517,0.021125,0.004281,0.00964,1,0,0,0.001003,0.005491,-0.001423,net_CVaR=0; net_MDD=0; net_stress_loss=0; cost_adjusted_return_drag=0; cash_net_CVaR=0; cash_net_MDD=0; cash_net_stress_loss=1; CVaR=0; MDD=0; stress_loss=0; return_drag=0,cash_net_stress_loss,-0.001542,2024 AI Semiconductor Concentration / Pullback Risk
SH,stagflation_reinflation_energy_shock,1,1,1,0,0,0,0.0,0.005263,0.046761,0.036496,0.044724,0.000128,0.0,0.000128,0.005263,0.046761,0.036404,0.04461,1,0,0,0.001711,0.014113,0.009649,net_CVaR=0; net_MDD=0; net_stress_loss=0; cost_adjusted_return_drag=0; cash_net_CVaR=0; cash_net_MDD=0; cash_net_stress_loss=0; CVaR=0; MDD=0; stress_loss=0; return_drag=0,cash_net_CVaR,0.001711,Russia-Ukraine / War-Energy Shock
SH,usd_strength_krw_weakness,1,1,1,0,0,0,0.0,0.004859,0.035426,0.020823,0.039134,0.000128,0.0,0.000128,0.004834,0.035426,0.020714,0.038925,1,0,0,0.001413,0.011284,0.003549,net_CVaR=0; net_MDD=0; net_stress_loss=0; cost_adjusted_return_drag=0; cash_net_CVaR=0; cash_net_MDD=0; cash_net_stress_loss=0; CVaR=0; MDD=0; stress_loss=0; return_drag=0,cash_net_CVaR,0.001388,2022 KRW Weakness / USD Strength
