ticker,asset_class,currency,vol_annual,mdd_1y,var_95_1y,cvar_95_1y,beta_sp500_1y,downside_beta_sp500_1y,beta_ks200_1y,downside_beta_ks200_1y,corr_sp500_60d,corr_kospi200_60d,beta_soxx_1y,downside_beta_soxx_1y,corr_soxx_60d,beta_uso_1y,beta_gld_1y,avg_stress_ret,adv_60,vol_annual_krw,mdd_1y_krw,var_95_1y_krw,cvar_95_1y_krw,beta_sp500_1y_krw,downside_beta_sp500_1y_krw,beta_ks200_1y_krw,downside_beta_ks200_1y_krw,corr_sp500_60d_krw,corr_kospi200_60d_krw,beta_soxx_1y_krw,downside_beta_soxx_1y_krw,corr_soxx_60d_krw,beta_usdkrw_1y,beta_uso_1y_krw,beta_gld_1y_krw,beta_kr_financial_basket_1y_krw,avg_stress_ret_krw,return_observation_count,stress_observation_count,sp500_overlap_count,ks200_overlap_count,soxx_overlap_count,usdkrw_overlap_count,uso_overlap_count,gld_overlap_count,kr_financial_overlap_count,annual_return_1y_krw,sharpe_1y_krw_proxy,data_version
000270.KS,kr_stock,KRW,0.388076,-0.264203,-0.037996,-0.064032,-0.040102,-0.045022,0.795141,0.89975,0.023222,0.779,0.03395,0.14107,0.086867,-0.017068,-0.038349,-0.002846,224307733543.8453,0.388076,-0.264203,-0.037996,-0.064032,-0.040102,-0.045022,0.795141,0.89975,0.023222,0.779,0.03395,0.14107,0.086867,-0.455203,-0.017068,-0.038349,0.517836,-0.002846,4795,65,1185,1224,1185,1078,1185,1185,4795,0.969146,1.889815,20260610
000660.KS,kr_stock,KRW,0.457529,-0.265696,-0.068513,-0.087038,-0.000128,0.172471,1.458015,1.277738,0.116333,0.933042,0.148631,0.20459,0.237312,-0.046433,-0.003574,-0.005944,7141238306135.329,0.457529,-0.265696,-0.068513,-0.087038,-0.000128,0.172471,1.458015,1.277738,0.116333,0.933042,0.148631,0.20459,0.237312,-0.815826,-0.046433,-0.003574,0.485383,-0.005944,4795,65,1185,1224,1185,1078,1185,1185,4795,10.141367,14.252727,20260610
000810.KS,kr_stock,KRW,0.334715,-0.276984,-0.040379,-0.069455,-0.067268,-0.043854,0.5258,0.55879,0.091442,0.435059,-0.017514,0.137836,0.045113,-0.014029,0.07408,-0.002283,89093800974.46875,0.334715,-0.276984,-0.040379,-0.069455,-0.067268,-0.043854,0.5258,0.55879,0.091442,0.435059,-0.017514,0.137836,0.045113,-0.312928,-0.014029,0.07408,0.554578,-0.002283,4795,65,1185,1224,1185,1078,1185,1185,4795,0.795123,1.325348,20260610
003670.KS,kr_stock,KRW,0.462088,-0.365878,-0.055101,-0.079705,-0.098333,-0.123101,0.994922,1.104471,-0.063944,0.57955,-0.000607,0.044156,-0.025307,-0.010356,-0.165405,-0.009102,93609888168.99583,0.462088,-0.365878,-0.055101,-0.079705,-0.098333,-0.123101,0.994922,1.104471,-0.063944,0.57955,-0.000607,0.044156,-0.025307,-0.798195,-0.010356,-0.165405,0.264749,-0.009102,4795,65,1185,1224,1185,1078,1185,1185,4795,0.930381,1.344942,20260610
005380.KS,kr_stock,KRW,0.379715,-0.339021,-0.044897,-0.072938,-0.031956,0.015521,0.895988,0.974958,0.036563,0.761066,0.052358,0.147406,0.074065,8.2e-05,0.046171,-0.004158,932809898482.7802,0.379715,-0.339021,-0.044897,-0.072938,-0.031956,0.015521,0.895988,0.974958,0.036563,0.761066,0.052358,0.147406,0.074065,-0.440116,8.2e-05,0.046171,0.527159,-0.004158,4795,65,1185,1224,1185,1078,1185,1185,4795,2.706676,4.344463,20260610
005490.KS,kr_stock,KRW,0.361093,-0.325959,-0.041873,-0.064211,-0.099984,-0.110214,0.831791,0.941702,-0.126884,0.565331,-0.022875,-0.025065,-0.152975,0.056899,-0.132499,-0.006645,204719153581.51926,0.361093,-0.325959,-0.041873,-0.064211,-0.099984,-0.110214,0.831791,0.941702,-0.126884,0.565331,-0.022875,-0.025065,-0.152975,-0.625093,0.056899,-0.132499,0.524804,-0.006645,4795,65,1185,1224,1185,1078,1185,1185,4795,0.62077,1.220671,20260610
005930.KS,kr_stock,KRW,0.312362,-0.23144,-0.052903,-0.073857,-0.042724,0.025664,1.167844,1.078485,0.122989,0.942671,0.069319,0.096442,0.194763,-0.023952,0.062984,-0.007075,7077121651560.679,0.312362,-0.23144,-0.052903,-0.073857,-0.042724,0.025664,1.167844,1.078485,0.122989,0.942671,0.069319,0.096442,0.194763,-0.626063,-0.023952,0.062984,0.419368,-0.007075,4795,65,1185,1224,1185,1078,1185,1185,4795,5.045743,8.938299,20260610
006400.KS,kr_stock,KRW,0.423767,-0.293539,-0.050876,-0.078908,-0.129588,-0.124996,0.968984,1.087168,0.007901,0.426293,-0.022242,0.013674,-0.001562,0.028686,-0.150978,-0.007502,455003220350.0,0.423767,-0.293539,-0.050876,-0.078908,-0.129588,-0.124996,0.968984,1.087168,0.007901,0.426293,-0.022242,0.013674,-0.001562,-0.635401,0.028686,-0.150978,0.396145,-0.007502,4795,65,1185,1224,1185,1078,1185,1185,4795,2.214732,3.379621,20260610
011200.KS,kr_stock,KRW,0.548185,-0.280925,-0.029269,-0.050874,-0.176856,-0.168001,0.541964,0.586397,-0.118269,0.479321,-0.084505,-0.134025,-0.117952,0.024462,-0.044082,-0.004039,29897702024.833332,0.548185,-0.280925,-0.029269,-0.050874,-0.176856,-0.168001,0.541964,0.586397,-0.118269,0.479321,-0.084505,-0.134025,-0.117952,-0.394502,0.024462,-0.044082,0.412432,-0.004039,4795,65,1185,1224,1185,1078,1185,1185,4795,-0.116417,-0.386103,20260610
017670.KS,kr_stock,KRW,0.260126,-0.187283,-0.024991,-0.056857,-0.094306,0.016271,0.389916,0.417689,0.141237,0.439495,-0.013022,0.018501,0.297243,0.009859,-0.024133,-0.001129,130839665706.17374,0.260126,-0.187283,-0.024991,-0.056857,-0.094306,0.016271,0.389916,0.417689,0.141237,0.439495,-0.013022,0.018501,0.297243,-0.284503,0.009859,-0.024133,0.216108,-0.001129,4795,65,1185,1224,1185,1078,1185,1185,4795,1.218235,2.695045,20260610
032830.KS,kr_stock,KRW,0.319803,-0.217708,-0.041925,-0.063916,-0.092268,-0.044581,0.803438,0.795472,0.035324,0.747282,0.00739,0.164048,0.166681,-0.020267,0.104176,-0.004532,129407649441.66667,0.319803,-0.217708,-0.041925,-0.063916,-0.092268,-0.044581,0.803438,0.795472,0.035324,0.747282,0.00739,0.164048,0.166681,-0.404727,-0.020267,0.104176,0.937194,-0.004532,3950,65,1185,1224,1185,1078,1185,1185,3950,3.415761,5.916073,20260610
034020.KS,kr_stock,KRW,0.510031,-0.370968,-0.060645,-0.083767,-0.036134,0.10296,0.986872,1.247021,-0.017995,0.647532,0.017811,0.149831,-0.023561,0.017956,0.001386,-0.006608,458967948250.0,0.510031,-0.370968,-0.060645,-0.083767,-0.036134,0.10296,0.986872,1.247021,-0.017995,0.647532,0.017811,0.149831,-0.023561,-0.74258,0.017956,0.001386,0.580912,-0.006608,4795,65,1185,1224,1185,1078,1185,1185,4795,1.262255,1.826886,20260610
035420.KS,kr_stock,KRW,0.421751,-0.333867,-0.045012,-0.062633,-0.052537,0.043882,0.702529,0.662267,0.08921,0.400204,0.030375,0.135931,0.226869,-0.020902,-0.011722,-0.007373,386346354164.1667,0.421751,-0.333867,-0.045012,-0.062633,-0.052537,0.043882,0.702529,0.662267,0.08921,0.400204,0.030375,0.135931,0.226869,-0.58068,-0.020902,-0.011722,0.341664,-0.007373,4795,65,1185,1224,1185,1078,1185,1185,4795,0.418349,0.724103,20260610
035720.KS,kr_stock,KRW,0.406776,-0.450936,-0.042737,-0.070358,-0.092519,-0.024498,0.810175,0.893867,0.043428,0.648887,0.024283,0.024775,0.119261,-0.070175,-0.161979,-0.009532,86561810619.16667,0.406776,-0.450936,-0.042737,-0.070358,-0.092519,-0.024498,0.810175,0.893867,0.043428,0.648887,0.024283,0.024775,0.119261,-0.6472,-0.070175,-0.161979,0.337751,-0.009532,4795,65,1185,1224,1185,1078,1185,1185,4795,0.05763,0.051899,20260610
051910.KS,kr_stock,KRW,0.43932,-0.308701,-0.054514,-0.082474,-0.113761,-0.087243,0.965656,1.098104,-0.170722,0.611895,-0.029074,0.026948,-0.070374,0.034145,-0.090843,-0.007423,127995417309.90312,0.43932,-0.308701,-0.054514,-0.082474,-0.113761,-0.087243,0.965656,1.098104,-0.170722,0.611895,-0.029074,0.026948,-0.070374,-0.623358,0.034145,-0.090843,0.48369,-0.007423,4795,65,1185,1224,1185,1078,1185,1185,4795,0.815328,1.353408,20260610
055550.KS,kr_stock,KRW,0.328715,-0.165477,-0.027039,-0.047418,-0.080858,-0.146797,0.55464,0.585347,-0.201937,0.386266,-0.015508,-0.051528,-0.228421,-0.012047,-0.038681,-0.0054,132577137687.57205,0.328715,-0.165477,-0.027039,-0.047418,-0.080858,-0.146797,0.55464,0.585347,-0.201937,0.386266,-0.015508,-0.051528,-0.228421,-0.299123,-0.012047,-0.038681,0.979132,-0.0054,4795,65,1185,1224,1185,1078,1185,1185,4795,0.896709,2.366819,20260610
066570.KS,kr_stock,KRW,0.411838,-0.368153,-0.040756,-0.090457,0.027962,0.025808,0.999373,0.893893,0.10907,0.509735,0.050139,0.030372,0.060003,0.036326,0.065844,-0.006836,529515418273.9685,0.411838,-0.368153,-0.040756,-0.090457,0.027962,0.025808,0.999373,0.893893,0.10907,0.509735,0.050139,0.030372,0.060003,-0.410132,0.036326,0.065844,0.46868,-0.006836,4795,65,1185,1224,1185,1078,1185,1185,4795,2.593314,3.168353,20260610
068270.KS,kr_stock,KRW,0.489092,-0.358551,-0.033459,-0.052776,-0.135424,-0.159092,0.603926,0.696157,-0.123428,0.536434,-0.068857,0.008261,-0.073311,-0.017964,0.023232,-0.002157,112065041014.94322,0.489092,-0.358551,-0.033459,-0.052776,-0.135424,-0.159092,0.603926,0.696157,-0.123428,0.536434,-0.068857,0.008261,-0.073311,-0.342975,-0.017964,0.023232,0.305543,-0.002157,4795,65,1185,1224,1185,1078,1185,1185,4795,0.16267,0.339394,20260610
069500.KS,kr_etf,KRW,0.201696,-0.206209,-0.040939,-0.062591,-0.044963,0.011866,0.986666,0.998356,0.103334,0.998237,0.043165,0.0893,0.189186,-0.020497,0.010084,-0.006734,2105846488937.0784,0.201696,-0.206209,-0.040939,-0.062591,-0.044963,0.011866,0.986666,0.998356,0.103334,0.998237,0.043165,0.0893,0.189186,-0.59892,-0.020497,0.010084,0.472552,-0.006734,4199,64,1166,1204,1166,1057,1166,1166,4198,2.742402,6.446098,20260610
105560.KS,kr_stock,KRW,0.352809,-0.176359,-0.035074,-0.056684,-0.063593,-0.091382,0.645091,0.708931,-0.088319,0.48027,0.003093,-0.005905,-0.141501,-0.015379,-0.04454,-0.00462,193215012553.61093,0.352809,-0.176359,-0.035074,-0.056684,-0.063593,-0.091382,0.645091,0.708931,-0.088319,0.48027,0.003093,-0.005905,-0.141501,-0.410132,-0.015379,-0.04454,1.059318,-0.00462,4795,65,1185,1224,1185,1078,1185,1185,4795,0.614153,1.458715,20260610
114800.KS,kr_etf,KRW,0.205969,-0.784848,-0.044775,-0.070931,0.046315,-0.011649,-1.001384,-1.011318,-0.095426,-0.997793,-0.044535,-0.090155,-0.188217,0.021833,-0.013567,0.00689,607349902480.3167,0.205969,-0.784848,-0.044775,-0.070931,0.046315,-0.011649,-1.001384,-1.011318,-0.095426,-0.997793,-0.044535,-0.090155,-0.188217,0.606973,0.021833,-0.013567,-0.492159,0.00689,4083,64,1166,1204,1166,1057,1166,1166,4082,-0.772822,-1.880583,20260610
132030.KS,kr_etf,KRW,0.173047,-0.246693,-0.025659,-0.047374,-0.105359,-0.160272,0.237267,0.318844,0.001448,0.618062,-0.02609,-0.031414,0.089821,0.014754,0.201339,-0.000256,5701084328.5,0.173047,-0.246693,-0.025659,-0.047374,-0.105359,-0.160272,0.237267,0.318844,0.001448,0.618062,-0.02609,-0.031414,0.089821,-0.307152,0.014754,0.201339,0.079364,-0.000256,3825,64,1166,1204,1166,1057,1166,1166,3824,0.241023,0.706988,20260610
153130.KS,kr_etf,KRW,0.003275,-0.000398,-8.8e-05,-0.000159,-0.000698,-0.00225,0.000427,0.001178,0.29326,0.14908,-2.3e-05,0.000288,0.138999,-0.000193,6e-05,0.000108,3888598162.863109,0.003275,-0.000398,-8.8e-05,-0.000159,-0.000698,-0.00225,0.000427,0.001178,0.29326,0.14908,-2.3e-05,0.000288,0.138999,-0.000888,-0.000193,6e-05,1.2e-05,0.000108,3476,64,1166,1204,1166,1057,1166,1166,3475,0.02141,-4.68352,20260610
207940.KS,kr_stock,KRW,0.38179,-0.36743,-0.028812,-0.051726,-0.08252,-0.243881,0.431717,0.588438,-0.062353,0.565771,-0.03458,-0.036974,-0.011782,-0.040831,0.000353,-0.002234,81490753216.66667,0.38179,-0.36743,-0.028812,-0.051726,-0.08252,-0.243881,0.431717,0.588438,-0.062353,0.565771,-0.03458,-0.036974,-0.011782,-0.372286,-0.040831,0.000353,0.266295,-0.002234,2340,65,1185,1224,1185,1078,1185,1185,2340,-0.170367,-0.590036,20260610
261240.KS,kr_etf,KRW,0.127915,-0.048882,-0.01057,-0.015794,0.108856,0.08677,-0.183113,-0.147418,0.101199,-0.704334,0.015563,-0.004417,-0.096564,0.027501,0.051093,0.001181,1950302285.583333,0.127915,-0.048882,-0.01057,-0.015794,0.108856,0.08677,-0.183113,-0.147418,0.101199,-0.704334,0.015563,-0.004417,-0.096564,0.413772,0.027501,0.051093,-0.106363,0.001181,2281,64,1166,1204,1166,1057,1166,1166,2280,0.149722,1.190758,20260610
AAPL,us_stock,USD,0.281395,-0.137377,-0.022297,-0.030996,1.182308,1.211431,-0.037691,-0.032515,0.565194,-0.042763,0.455496,0.482099,0.330078,0.088724,0.16642,0.000339,19497270388246.83,0.281395,-0.137377,-0.022297,-0.030996,1.182308,1.211431,-0.037691,-0.032515,0.565194,-0.042763,0.455496,0.482099,0.330078,0.679543,0.088724,0.16642,-0.058523,0.000339,1261,63,1261,1185,1261,1110,1261,1261,1185,0.614578,2.43788,20260610
ABBV,us_stock,USD,0.247965,-0.163105,-0.028253,-0.035579,0.490332,0.548527,-0.141782,-0.155665,0.370131,-0.131755,0.089224,0.036954,-0.053599,0.088051,0.211923,0.001496,2022385708191.753,0.247965,-0.163105,-0.028253,-0.035579,0.490332,0.548527,-0.141782,-0.155665,0.370131,-0.131755,0.089224,0.036954,-0.053599,0.961573,0.088051,0.211923,-0.039957,0.001496,1261,63,1261,1185,1261,1110,1261,1261,1185,0.383977,1.328261,20260610
AGG,bond_etf,USD,0.106758,-0.040106,-0.008073,-0.013625,0.240532,0.196882,-0.08785,-0.10958,0.685404,-0.136752,0.051487,0.022664,0.213053,0.046801,0.247582,9.5e-05,1446368201531.156,0.106758,-0.040106,-0.008073,-0.013625,0.240532,0.196882,-0.08785,-0.10958,0.685404,-0.136752,0.051487,0.022664,0.213053,0.885564,0.046801,0.247582,-0.053118,9.5e-05,1261,63,1261,1185,1261,1110,1261,1261,1185,0.183246,1.60035,20260610
AMAT,us_stock,USD,0.438257,-0.211916,-0.046995,-0.066928,1.632645,1.41924,0.089137,-0.041466,0.517877,0.169572,1.06592,1.049717,0.888005,0.093839,0.377163,-0.000353,4323310865107.817,0.438257,-0.211916,-0.046995,-0.066928,1.632645,1.41924,0.089137,-0.041466,0.517877,0.169572,1.06592,1.049717,0.888005,0.351489,0.093839,0.377163,-0.015327,-0.000353,1261,63,1261,1185,1261,1110,1261,1261,1185,2.404051,4.95502,20260610
AMD,us_stock,USD,0.551337,-0.270195,-0.048365,-0.075617,1.860257,1.646519,0.139863,0.049138,0.435139,0.214915,1.201572,1.161006,0.773491,0.076469,0.408507,-0.005355,19417129176407.207,0.551337,-0.270195,-0.048365,-0.075617,1.860257,1.646519,0.139863,0.049138,0.435139,0.214915,1.201572,1.161006,0.773491,0.304354,0.076469,0.408507,-0.010652,-0.005355,1261,63,1261,1185,1261,1110,1261,1261,1185,3.619178,5.393703,20260610
AMZN,us_stock,USD,0.357553,-0.210292,-0.028042,-0.038629,1.398608,1.552849,0.030851,0.034069,0.640215,0.034881,0.573931,0.691908,0.412346,0.084552,0.174412,0.001152,16337472355779.564,0.357553,-0.210292,-0.028042,-0.038629,1.398608,1.552849,0.030851,0.034069,0.640215,0.034881,0.573931,0.691908,0.412346,0.555095,0.084552,0.174412,-0.018614,0.001152,1261,63,1261,1185,1261,1110,1261,1261,1185,0.290524,0.846789,20260610
ASML,us_stock,USD,0.417607,-0.15987,-0.037275,-0.050869,1.549045,1.365657,0.094754,-0.02614,0.572343,0.150375,0.957294,0.976969,0.78783,0.036897,0.344742,-0.000728,3917517114357.3975,0.417607,-0.15987,-0.037275,-0.050869,1.549045,1.365657,0.094754,-0.02614,0.572343,0.150375,0.957294,0.976969,0.78783,0.24231,0.036897,0.344742,-0.00299,-0.000728,1261,63,1261,1185,1261,1110,1261,1261,1185,1.685576,4.021007,20260610
AVGO,us_stock,USD,0.434903,-0.263454,-0.039116,-0.059761,1.530526,1.558283,0.046686,0.02456,0.578216,0.112112,0.913168,0.952438,0.667138,0.132906,0.300416,0.001246,14549645325587.838,0.434903,-0.263454,-0.039116,-0.059761,1.530526,1.558283,0.046686,0.02456,0.578216,0.112112,0.913168,0.952438,0.667138,0.54789,0.132906,0.300416,-0.023533,0.001246,1261,63,1261,1185,1261,1110,1261,1261,1185,0.80706,1.715065,20260610
BAC,us_stock,USD,0.277082,-0.169297,-0.023814,-0.032967,0.995922,1.026278,-0.002346,-0.017042,0.528663,-0.066194,0.325826,0.378235,0.171861,0.14452,0.136634,0.001604,2771435002519.896,0.277082,-0.169297,-0.023814,-0.032967,0.995922,1.026278,-0.002346,-0.017042,0.528663,-0.066194,0.325826,0.378235,0.171861,0.709059,0.14452,0.136634,0.037201,0.001604,1261,63,1261,1185,1261,1110,1261,1261,1185,0.388424,1.578431,20260610
BIL,bond_etf,USD,0.099531,-0.044003,-0.008757,-0.013266,0.208613,0.19943,-0.082955,-0.106157,0.485592,-0.156761,0.036253,0.018167,0.027211,0.076141,0.186091,0.000439,1611285323922.8682,0.099531,-0.044003,-0.008757,-0.013266,0.208613,0.19943,-0.082955,-0.106157,0.485592,-0.156761,0.036253,0.018167,0.027211,0.999771,0.076141,0.186091,-0.046253,0.000439,1261,63,1261,1185,1261,1110,1261,1261,1185,0.16908,1.487545,20260610
BNB-USD,crypto,USD,0.511787,-0.547629,-0.045914,-0.071356,0.979509,1.048879,0.001563,-0.04402,0.421849,0.125099,0.444042,0.510941,0.221649,0.108597,0.289834,0.008047,1560414369793315.8,0.511787,-0.547629,-0.045914,-0.071356,0.979509,1.048879,0.001563,-0.04402,0.421849,0.125099,0.444042,0.510941,0.221649,0.682457,0.108597,0.289834,-0.001418,0.008047,1834,66,1260,1224,1260,1304,1260,1260,1225,-0.371582,-0.815967,20260610
BND,bond_etf,USD,0.106542,-0.040146,-0.008133,-0.013596,0.237996,0.197519,-0.087127,-0.109565,0.676546,-0.141607,0.050153,0.023472,0.205701,0.046131,0.246427,5.9e-05,920411268171.0913,0.106542,-0.040146,-0.008133,-0.013596,0.237996,0.197519,-0.087127,-0.109565,0.676546,-0.141607,0.050153,0.023472,0.205701,0.888545,0.046131,0.246427,-0.052191,5.9e-05,1261,63,1261,1185,1261,1110,1261,1261,1185,0.182212,1.591328,20260610
BRK-B,us_stock,USD,0.191096,-0.099537,-0.016516,-0.0236,0.705478,0.739377,-0.073565,-0.091835,0.348648,-0.229403,0.175405,0.146483,-0.144706,0.114391,0.167135,0.001811,3445685070133.1123,0.191096,-0.099537,-0.016516,-0.0236,0.705478,0.739377,-0.073565,-0.091835,0.348648,-0.229403,0.175405,0.146483,-0.144706,0.833155,0.114391,0.167135,-0.021365,0.001811,1261,63,1261,1185,1261,1110,1261,1261,1185,0.115526,0.502855,20260610
BTAL,equity_etf,USD,0.226493,-0.314238,-0.025582,-0.032564,-0.328971,-0.285085,-0.19492,-0.145964,-0.156802,-0.27487,-0.305959,-0.376744,-0.609537,0.082484,0.146953,-0.000739,17124324593.070684,0.226493,-0.314238,-0.025582,-0.032564,-0.328971,-0.285085,-0.19492,-0.145964,-0.156802,-0.27487,-0.305959,-0.376744,-0.609537,1.352455,0.082484,0.146953,-0.075389,-0.000739,1261,63,1261,1185,1261,1110,1261,1261,1185,-0.27221,-1.205798,20260610
BTC-USD,crypto,USD,0.451219,-0.479496,-0.039523,-0.057701,1.093768,0.970522,-0.081003,-0.054775,0.486049,-0.017444,0.476186,0.517805,0.197319,0.083228,0.298562,0.00667,3.8896067667360174e+18,0.451219,-0.479496,-0.039523,-0.057701,1.093768,0.970522,-0.081003,-0.054775,0.486049,-0.017444,0.476186,0.517805,0.197319,0.653723,0.083228,0.298562,-0.042377,0.00667,1834,66,1260,1224,1260,1304,1260,1260,1225,-0.411271,-1.069035,20260610
COST,us_stock,USD,0.243771,-0.133475,-0.023633,-0.030528,0.812805,0.879121,-0.120925,-0.095215,0.227635,-0.326172,0.267451,0.254331,-0.133236,0.092583,0.219313,3e-05,2967702337596.738,0.243771,-0.133475,-0.023633,-0.030528,0.812805,0.879121,-0.120925,-0.095215,0.227635,-0.326172,0.267451,0.254331,-0.133236,0.897817,0.092583,0.219313,-0.081246,3e-05,1261,63,1261,1185,1261,1110,1261,1261,1185,0.083218,0.241207,20260610
CRM,us_stock,USD,0.375205,-0.378837,-0.039994,-0.055724,1.228647,1.254479,-0.00028,0.017499,0.300932,-0.093404,0.460299,0.473264,-0.137032,0.104791,0.120802,0.001906,3809419897942.729,0.375205,-0.378837,-0.039994,-0.055724,1.228647,1.254479,-0.00028,0.017499,0.300932,-0.093404,0.460299,0.473264,-0.137032,0.663881,0.104791,0.120802,-0.037601,0.001906,1261,63,1261,1185,1261,1110,1261,1261,1185,-0.273635,-0.773397,20260610
CVX,us_stock,USD,0.266954,-0.17293,-0.026545,-0.036317,0.648924,0.871106,-0.078107,0.007987,0.051333,-0.35352,0.173165,0.211286,-0.204788,0.433955,0.273239,-0.001591,3225470140240.8423,0.266954,-0.17293,-0.026545,-0.036317,0.648924,0.871106,-0.078107,0.007987,0.051333,-0.35352,0.173165,0.211286,-0.204788,0.908209,0.433955,0.273239,-0.038789,-0.001591,1261,63,1261,1185,1261,1110,1261,1261,1185,0.566398,2.127368,20260610
DBA,commodity_etf,USD,0.165601,-0.063326,-0.013113,-0.017417,0.293311,0.370172,-0.031232,-0.024552,0.325302,-0.107766,0.070907,0.078677,0.023346,0.170499,0.25387,-0.000478,71462486110.42616,0.165601,-0.063326,-0.013113,-0.017417,0.293311,0.370172,-0.031232,-0.024552,0.325302,-0.107766,0.070907,0.078677,0.023346,0.878831,0.170499,0.25387,-0.028357,-0.000478,1261,63,1261,1185,1261,1110,1261,1261,1185,0.11834,0.638785,20260610
DBC,commodity_etf,USD,0.211965,-0.080337,-0.019197,-0.031391,0.376419,0.566805,-0.011706,0.012133,0.013232,-0.040155,0.111582,0.145473,-0.096764,0.51006,0.48114,-0.001836,69891253543.07063,0.211965,-0.080337,-0.019197,-0.031391,0.376419,0.566805,-0.011706,0.012133,0.013232,-0.040155,0.111582,0.145473,-0.096764,0.897989,0.51006,0.48114,-0.012438,-0.001836,1261,63,1261,1185,1261,1110,1261,1261,1185,0.56654,2.420664,20260610
DIA,equity_etf,USD,0.164616,-0.075102,-0.013628,-0.019476,0.842068,0.823151,-0.042752,-0.041814,0.890635,-0.018444,0.28503,0.277729,0.423438,0.093499,0.214085,6e-06,3881651410217.0083,0.164616,-0.075102,-0.013628,-0.019476,0.842068,0.823151,-0.042752,-0.041814,0.890635,-0.018444,0.28503,0.277729,0.423438,0.741472,0.093499,0.214085,-0.024416,6e-06,1261,63,1261,1185,1261,1110,1261,1261,1185,0.362754,2.270219,20260610
DIS,us_stock,USD,0.295256,-0.176488,-0.01988,-0.033642,0.994674,1.049994,-4.9e-05,0.002062,0.357575,0.097329,0.358695,0.429087,0.085002,0.117702,0.169866,0.001696,1394001126233.9194,0.295256,-0.176488,-0.01988,-0.033642,0.994674,1.049994,-4.9e-05,0.002062,0.357575,0.097329,0.358695,0.429087,0.085002,0.549221,0.117702,0.169866,-0.004515,0.001696,1261,63,1261,1185,1261,1110,1261,1261,1185,-0.004797,-0.143831,20260610
EDV,bond_etf,USD,0.226257,-0.080681,-0.01432,-0.021,0.206456,0.10368,-0.101101,-0.132915,0.65495,-0.067431,0.03398,-0.006121,0.259552,-0.039535,0.317713,-0.001076,120600791487.8121,0.226257,-0.080681,-0.01432,-0.021,0.206456,0.10368,-0.101101,-0.132915,0.65495,-0.067431,0.03398,-0.006121,0.259552,0.723514,-0.039535,0.317713,-0.070306,-0.001076,1261,63,1261,1185,1261,1110,1261,1261,1185,0.170534,0.866062,20260610
EEM,equity_etf,USD,0.193077,-0.090726,-0.018676,-0.033812,0.738423,0.762746,0.110689,0.066302,0.829558,0.237355,0.362438,0.371722,0.801666,0.069927,0.378842,-0.000696,3010779840662.49,0.193077,-0.090726,-0.018676,-0.033812,0.738423,0.762746,0.110689,0.066302,0.829558,0.237355,0.362438,0.371722,0.801666,0.461684,0.069927,0.378842,0.016568,-0.000696,1261,63,1261,1185,1261,1110,1261,1261,1185,0.621572,2.690827,20260610
EFA,equity_etf,USD,0.171355,-0.087009,-0.015907,-0.02316,0.776752,0.755618,-0.00346,0.00199,0.859665,0.069832,0.314675,0.31099,0.622951,0.07487,0.330833,0.000963,2528492736416.2896,0.171355,-0.087009,-0.015907,-0.02316,0.776752,0.755618,-0.00346,0.00199,0.859665,0.069832,0.314675,0.31099,0.622951,0.566723,0.07487,0.330833,-0.016778,0.000963,1261,63,1261,1185,1261,1110,1261,1261,1185,0.34049,1.883879,20260610
ETH-USD,crypto,USD,0.594701,-0.636119,-0.055994,-0.08367,1.455454,1.405439,0.028478,0.110414,0.566142,0.067187,0.697516,0.789789,0.329406,0.106311,0.312357,0.005965,5.407681542308022e+16,0.594701,-0.636119,-0.055994,-0.08367,1.455454,1.405439,0.028478,0.110414,0.566142,0.067187,0.697516,0.789789,0.329406,0.47018,0.106311,0.312357,-0.016334,0.005965,1834,66,1260,1224,1260,1304,1260,1260,1225,-0.575722,-1.048384,20260610
EWJ,equity_etf,USD,0.191823,-0.115404,-0.016222,-0.028059,0.777257,0.829017,0.005328,0.002536,0.837384,0.14893,0.330302,0.375863,0.651593,0.079293,0.348185,0.001111,966700014463.9181,0.191823,-0.115404,-0.016222,-0.028059,0.777257,0.829017,0.005328,0.002536,0.837384,0.14893,0.330302,0.375863,0.651593,0.641738,0.079293,0.348185,-0.012922,0.001111,1261,63,1261,1185,1261,1110,1261,1261,1185,0.454325,2.06869,20260610
EWY,equity_etf,USD,0.289676,-0.185818,-0.034411,-0.065886,0.903281,0.914987,0.379796,0.185544,0.681078,0.250204,0.506891,0.522968,0.788055,0.020886,0.4723,-0.003854,4701491039025.949,0.289676,-0.185818,-0.034411,-0.065886,0.903281,0.914987,0.379796,0.185544,0.681078,0.250204,0.506891,0.522968,0.788055,0.151779,0.020886,0.4723,0.110583,-0.003854,1261,63,1261,1185,1261,1110,1261,1261,1185,2.239332,4.899428,20260610
FXE,fx_etf,USD,0.107761,-0.035695,-0.008817,-0.014047,0.243043,0.196974,-0.065066,-0.101389,0.694003,-0.100641,0.06502,0.027327,0.267901,0.058122,0.277217,-0.000168,38202253327.921906,0.107761,-0.035695,-0.008817,-0.014047,0.243043,0.196974,-0.065066,-0.101389,0.694003,-0.100641,0.06502,0.027327,0.267901,0.760246,0.058122,0.277217,-0.045763,-0.000168,1261,63,1261,1185,1261,1110,1261,1261,1185,0.150827,1.209648,20260610
FXF,fx_etf,USD,0.112882,-0.035607,-0.010592,-0.014728,0.181724,0.110314,-0.068576,-0.109028,0.69723,-0.046104,0.033591,-0.014763,0.249224,0.054374,0.301195,-0.000507,12337952587.383108,0.112882,-0.035607,-0.010592,-0.014728,0.181724,0.110314,-0.068576,-0.109028,0.69723,-0.046104,0.033591,-0.014763,0.249224,0.768226,0.054374,0.301195,-0.045273,-0.000507,1261,63,1261,1185,1261,1110,1261,1261,1185,0.154953,1.176527,20260610
FXI,equity_etf,USD,0.316145,-0.121193,-0.020881,-0.030151,0.71432,0.64044,0.073966,0.03278,0.73553,0.059144,0.353303,0.298837,0.532132,0.11002,0.385282,-0.000525,1614666540339.356,0.316145,-0.121193,-0.020881,-0.030151,0.71432,0.64044,0.073966,0.03278,0.73553,0.059144,0.353303,0.298837,0.532132,0.434582,0.11002,0.385282,0.023169,-0.000525,1261,63,1261,1185,1261,1110,1261,1261,1185,0.096969,0.308485,20260610
FXY,fx_etf,USD,0.126182,-0.04351,-0.011003,-0.015751,0.125424,0.076842,-0.096051,-0.134992,0.613199,-0.181647,0.011709,-0.043036,0.152567,0.043002,0.302888,-0.000727,16235885871.20866,0.126182,-0.04351,-0.011003,-0.015751,0.125424,0.076842,-0.096051,-0.134992,0.613199,-0.181647,0.011709,-0.043036,0.152567,0.752164,0.043002,0.302888,-0.059079,-0.000727,1261,63,1261,1185,1261,1110,1261,1261,1185,0.014854,-0.136955,20260610
GLD,gold_etf,USD,0.190519,-0.157059,-0.026721,-0.041907,0.239933,0.283711,0.011072,0.068618,0.570679,0.177653,0.093353,0.108267,0.48369,0.116221,1.0,0.000237,5767744980922.81,0.190519,-0.157059,-0.026721,-0.041907,0.239933,0.283711,0.011072,0.068618,0.570679,0.177653,0.093353,0.108267,0.48369,0.627023,0.116221,1.0,0.003003,0.000237,1261,63,1261,1185,1261,1110,1261,1261,1185,0.445289,1.528954,20260610
GOOGL,us_stock,USD,0.313609,-0.168381,-0.023379,-0.029645,1.168457,1.104267,0.023478,-0.028755,0.515221,0.058569,0.481789,0.493094,0.266312,0.062364,0.227273,0.000337,15315347172419.46,0.313609,-0.168381,-0.023379,-0.029645,1.168457,1.104267,0.023478,-0.028755,0.515221,0.058569,0.481789,0.493094,0.266312,0.513529,0.062364,0.227273,-0.024955,0.000337,1261,63,1261,1185,1261,1110,1261,1261,1185,1.375436,4.639253,20260610
GOVT,bond_etf,USD,0.108195,-0.044056,-0.007952,-0.013333,0.199533,0.160804,-0.087484,-0.11531,0.651487,-0.139446,0.032273,0.007546,0.17302,0.043288,0.246134,9.7e-05,334866895128.2119,0.108195,-0.044056,-0.007952,-0.013333,0.199533,0.160804,-0.087484,-0.11531,0.651487,-0.139446,0.032273,0.007546,0.17302,0.904504,0.043288,0.246134,-0.050641,9.7e-05,1261,63,1261,1185,1261,1110,1261,1261,1185,0.168459,1.465141,20260610
GS,us_stock,USD,0.283633,-0.189992,-0.022164,-0.039218,1.103628,1.054506,0.031899,0.005981,0.655397,0.12094,0.4309,0.497973,0.513125,0.105983,0.18929,0.003311,2860789368358.4473,0.283633,-0.189992,-0.022164,-0.039218,1.103628,1.054506,0.031899,0.005981,0.655397,0.12094,0.4309,0.497973,0.513125,0.569016,0.105983,0.18929,0.01369,0.003311,1261,63,1261,1185,1261,1110,1261,1261,1185,0.926814,3.160722,20260610
GSG,commodity_etf,USD,0.244872,-0.112543,-0.021447,-0.037392,0.391516,0.605776,-0.03264,0.007906,-0.098059,-0.124421,0.106253,0.139547,-0.184114,0.615052,0.460255,-0.000193,63268957758.83469,0.244872,-0.112543,-0.021447,-0.037392,0.391516,0.605776,-0.03264,0.007906,-0.098059,-0.124421,0.106253,0.139547,-0.184114,0.940844,0.615052,0.460255,-0.027675,-0.000193,1261,63,1261,1185,1261,1110,1261,1261,1185,0.604212,2.170459,20260610
HD,us_stock,USD,0.247426,-0.23489,-0.023978,-0.030902,0.844484,0.74335,-0.057588,-0.053978,0.484245,-0.065846,0.28403,0.221662,0.200722,0.036932,0.192477,-0.000245,2182701702751.97,0.247426,-0.23489,-0.023978,-0.030902,0.844484,0.74335,-0.057588,-0.053978,0.484245,-0.065846,0.28403,0.221662,0.200722,0.637203,0.036932,0.192477,-0.040304,-0.000245,1261,63,1261,1185,1261,1110,1261,1261,1185,0.00606,-0.097615,20260610
HYG,bond_etf,USD,0.110477,-0.033899,-0.008082,-0.014135,0.45216,0.427839,-0.076183,-0.099877,0.757485,-0.164701,0.147729,0.134465,0.281343,0.077349,0.224938,0.000369,5416446445573.372,0.110477,-0.033899,-0.008082,-0.014135,0.45216,0.427839,-0.076183,-0.099877,0.757485,-0.164701,0.147729,0.134465,0.281343,0.819263,0.077349,0.224938,-0.047726,0.000369,1261,63,1261,1185,1261,1110,1261,1261,1185,0.195588,1.689939,20260610
IAU,gold_etf,USD,0.189983,-0.156736,-0.026439,-0.041547,0.239963,0.284418,0.010226,0.067619,0.572343,0.179352,0.092997,0.10838,0.480929,0.116088,0.996779,0.000237,1030088697631.1764,0.189983,-0.156736,-0.026439,-0.041547,0.239963,0.284418,0.010226,0.067619,0.572343,0.179352,0.092997,0.10838,0.480929,0.627156,0.116088,0.996779,0.002688,0.000237,1261,63,1261,1185,1261,1110,1261,1261,1185,0.446694,1.544453,20260610
ICLN,equity_etf,USD,0.27405,-0.124335,-0.024293,-0.03594,0.862726,0.763906,0.028295,0.016368,0.697318,0.25394,0.415912,0.37221,0.719354,0.084687,0.418142,0.001625,195232602950.96356,0.27405,-0.124335,-0.024293,-0.03594,0.862726,0.763906,0.028295,0.016368,0.697318,0.25394,0.415912,0.37221,0.719354,0.450552,0.084687,0.418142,-0.055284,0.001625,1261,63,1261,1185,1261,1110,1261,1261,1185,0.831342,2.861739,20260610
IEF,bond_etf,USD,0.11577,-0.043671,-0.008366,-0.013836,0.202778,0.147578,-0.090639,-0.113434,0.688946,-0.128963,0.034446,0.004386,0.230885,0.036339,0.269706,0.000118,1277906969840.0286,0.11577,-0.043671,-0.008366,-0.013836,0.202778,0.147578,-0.090639,-0.113434,0.688946,-0.128963,0.034446,0.004386,0.230885,0.873881,0.036339,0.269706,-0.054332,0.000118,1261,63,1261,1185,1261,1110,1261,1261,1185,0.172117,1.448448,20260610
INDA,equity_etf,USD,0.1702,-0.143963,-0.014986,-0.021428,0.599028,0.613191,-0.036034,-0.026243,0.771933,-0.049225,0.218483,0.213244,0.440839,0.040891,0.241626,0.000754,552270847416.7933,0.1702,-0.143963,-0.014986,-0.021428,0.599028,0.613191,-0.036034,-0.026243,0.771933,-0.049225,0.218483,0.213244,0.440839,0.750697,0.040891,0.241626,-0.037422,0.000754,1261,63,1261,1185,1261,1110,1261,1261,1185,-0.022794,-0.330041,20260610
INTC,us_stock,USD,0.521216,-0.234248,-0.055818,-0.077652,1.405726,1.199214,0.082174,0.049308,0.443727,0.087492,0.876296,0.754272,0.707676,0.080971,0.412728,-0.001261,16680164767044.426,0.521216,-0.234248,-0.055818,-0.077652,1.405726,1.199214,0.082174,0.049308,0.443727,0.087492,0.876296,0.754272,0.707676,0.496187,0.080971,0.412728,-0.034267,-0.001261,1261,63,1261,1185,1261,1110,1261,1261,1185,5.072246,6.755918,20260610
ITA,equity_etf,USD,0.213543,-0.135709,-0.02257,-0.028657,0.856638,0.85847,-0.027779,0.003776,0.594737,0.186651,0.302505,0.362656,0.376078,0.12729,0.304695,0.000356,318325545657.0905,0.213543,-0.135709,-0.02257,-0.028657,0.856638,0.85847,-0.027779,0.003776,0.594737,0.186651,0.302505,0.362656,0.376078,0.749175,0.12729,0.304695,-0.020177,0.000356,1261,63,1261,1185,1261,1110,1261,1261,1185,0.437118,1.786276,20260610
IWD,equity_etf,USD,0.16332,-0.046219,-0.012734,-0.018525,0.82324,0.81984,-0.03668,-0.036469,0.907402,0.006615,0.287518,0.283975,0.625639,0.118033,0.233499,0.0001,804249528403.7887,0.16332,-0.046219,-0.012734,-0.018525,0.82324,0.81984,-0.03668,-0.036469,0.907402,0.006615,0.287518,0.283975,0.625639,0.711084,0.118033,0.233499,-0.021498,0.0001,1261,63,1261,1185,1261,1110,1261,1261,1185,0.434089,2.931434,20260610
IWF,equity_etf,USD,0.220203,-0.122798,-0.017112,-0.023584,1.168895,1.165421,0.001121,-0.009694,0.964563,0.095752,0.500913,0.54303,0.600388,0.082945,0.203401,0.00061,1214729043899.3608,0.220203,-0.122798,-0.017112,-0.023584,1.168895,1.165421,0.001121,-0.009694,0.964563,0.095752,0.500913,0.54303,0.600388,0.601062,0.082945,0.203401,-0.033279,0.00061,1261,63,1261,1185,1261,1110,1261,1261,1185,0.356792,1.890759,20260610
IWM,equity_etf,USD,0.231412,-0.086482,-0.019112,-0.026999,1.091459,1.02422,-0.017489,-0.0102,0.877804,0.045011,0.456667,0.470428,0.732016,0.113412,0.264419,0.000247,13147599459881.62,0.231412,-0.086482,-0.019112,-0.026999,1.091459,1.02422,-0.017489,-0.0102,0.877804,0.045011,0.456667,0.470428,0.732016,0.592107,0.113412,0.264419,-0.026267,0.000247,1261,63,1261,1185,1261,1110,1261,1261,1185,0.534539,2.403448,20260610
IYR,equity_etf,USD,0.194761,-0.070877,-0.01563,-0.022058,0.751698,0.784183,-0.045738,-0.045661,0.564774,-0.155495,0.228073,0.208347,0.137804,0.071628,0.254837,-7.5e-05,922170791934.2633,0.194761,-0.070877,-0.01563,-0.022058,0.751698,0.784183,-0.045738,-0.045661,0.564774,-0.155495,0.228073,0.208347,0.137804,0.623059,0.071628,0.254837,-0.028228,-7.5e-05,1261,63,1261,1185,1261,1110,1261,1261,1185,0.259258,1.464915,20260610
JNJ,us_stock,USD,0.193815,-0.127752,-0.016123,-0.022642,0.368092,0.330653,-0.123628,-0.101222,0.34641,-0.151584,0.021619,-0.090548,-0.07217,0.046288,0.230913,0.000623,2658183223882.757,0.193815,-0.127752,-0.016123,-0.022642,0.368092,0.330653,-0.123628,-0.101222,0.34641,-0.151584,0.021619,-0.090548,-0.07217,0.937704,0.046288,0.230913,-0.068009,0.000623,1261,63,1261,1185,1261,1110,1261,1261,1185,0.768597,3.838594,20260610
JPM,us_stock,USD,0.254505,-0.139773,-0.025532,-0.032652,0.930283,0.945363,-0.017104,-0.031111,0.475255,-0.105335,0.303612,0.329196,0.196752,0.122579,0.165374,0.0027,4000719696207.0483,0.254505,-0.139773,-0.025532,-0.032652,0.930283,0.945363,-0.017104,-0.031111,0.475255,-0.105335,0.303612,0.329196,0.196752,0.7291,0.122579,0.165374,0.016979,0.0027,1261,63,1261,1185,1261,1110,1261,1261,1185,0.354038,1.436865,20260610
KO,us_stock,USD,0.184363,-0.085561,-0.019082,-0.022936,0.43125,0.443391,-0.102053,-0.126712,0.203853,-0.226456,0.049951,-0.007403,-0.137367,0.076872,0.210909,-0.000875,1729762007370.025,0.184363,-0.085561,-0.019082,-0.022936,0.43125,0.443391,-0.102053,-0.126712,0.203853,-0.226456,0.049951,-0.007403,-0.137367,0.883243,0.076872,0.210909,-0.024077,-0.000875,1261,63,1261,1185,1261,1110,1261,1261,1185,0.324034,1.505763,20260610
KRE,equity_etf,USD,0.30729,-0.142935,-0.021098,-0.036541,1.083717,0.980592,-0.059594,-0.049505,0.482883,-0.216935,0.379217,0.346889,0.171713,0.132848,0.106233,0.001922,1508513736977.7122,0.30729,-0.142935,-0.021098,-0.036541,1.083717,0.980592,-0.059594,-0.049505,0.482883,-0.216935,0.379217,0.346889,0.171713,0.726826,0.132848,0.106233,-0.023573,0.001922,1261,63,1261,1185,1261,1110,1261,1261,1185,0.421039,1.560966,20260610
LLY,us_stock,USD,0.339478,-0.227638,-0.029321,-0.049987,0.702463,0.676289,-0.090412,-0.055116,0.354694,-0.110879,0.193627,0.20519,0.103067,0.033633,0.242341,0.005255,4717730741293.125,0.339478,-0.227638,-0.029321,-0.049987,0.702463,0.676289,-0.090412,-0.055116,0.354694,-0.110879,0.193627,0.20519,0.103067,0.886616,0.033633,0.242341,-0.065703,0.005255,1261,63,1261,1185,1261,1110,1261,1261,1185,0.690055,1.690188,20260610
LQD,bond_etf,USD,0.117855,-0.038548,-0.008105,-0.014263,0.320593,0.260988,-0.087485,-0.109927,0.737915,-0.144378,0.089344,0.059993,0.266353,0.041921,0.25638,-0.000199,5340446185543.531,0.117855,-0.038548,-0.008105,-0.014263,0.320593,0.260988,-0.087485,-0.109927,0.737915,-0.144378,0.089344,0.059993,0.266353,0.819664,0.041921,0.25638,-0.053823,-0.000199,1261,63,1261,1185,1261,1110,1261,1261,1185,0.192694,1.596304,20260610
LRCX,us_stock,USD,0.460476,-0.178107,-0.048774,-0.065861,1.719003,1.525857,0.118166,-0.027045,0.551144,0.25383,1.125139,1.144753,0.860569,0.057973,0.392727,-0.003429,3909171820197.104,0.460476,-0.178107,-0.048774,-0.065861,1.719003,1.525857,0.118166,-0.027045,0.551144,0.25383,1.125139,1.144753,0.860569,0.316984,0.057973,0.392727,0.014739,-0.003429,1261,63,1261,1185,1261,1110,1261,1261,1185,3.307712,6.395068,20260610
MA,us_stock,USD,0.248625,-0.168081,-0.024711,-0.037825,0.925647,0.848656,-0.041963,-0.033134,0.386364,-0.149609,0.282512,0.213228,-0.226248,0.101392,0.124931,0.002374,2677883863492.5737,0.248625,-0.168081,-0.024711,-0.037825,0.925647,0.848656,-0.041963,-0.033134,0.386364,-0.149609,0.282512,0.213228,-0.226248,0.684037,0.101392,0.124931,0.005777,0.002374,1261,63,1261,1185,1261,1110,1261,1261,1185,-0.047179,-0.309691,20260610
META,us_stock,USD,0.439053,-0.272554,-0.030846,-0.05096,1.465701,1.47436,0.051897,0.036679,0.605629,0.18794,0.631753,0.649083,0.380084,0.045461,0.164051,-0.002585,15599530737332.97,0.439053,-0.272554,-0.030846,-0.05096,1.465701,1.47436,0.051897,0.036679,0.605629,0.18794,0.631753,0.649083,0.380084,0.461904,0.045461,0.164051,-0.017763,-0.002585,1261,63,1261,1185,1261,1110,1261,1261,1185,-0.051347,-0.226073,20260610
MRK,us_stock,USD,0.257134,-0.119245,-0.023107,-0.032187,0.468875,0.380084,-0.145557,-0.135104,0.332204,-0.046967,0.07187,0.067504,0.037178,0.064707,0.203001,0.001927,1695041493192.6455,0.257134,-0.119245,-0.023107,-0.032187,0.468875,0.380084,-0.145557,-0.135104,0.332204,-0.046967,0.07187,0.067504,0.037178,0.992941,0.064707,0.203001,-0.042628,0.001927,1261,63,1261,1185,1261,1110,1261,1261,1185,0.771512,2.519337,20260610
MS,us_stock,USD,0.288884,-0.1814,-0.02339,-0.03735,1.115033,1.168935,0.042718,0.017303,0.568769,0.110162,0.435181,0.473112,0.389237,0.11795,0.139483,0.002047,1683059647872.6265,0.288884,-0.1814,-0.02339,-0.03735,1.115033,1.168935,0.042718,0.017303,0.568769,0.110162,0.435181,0.473112,0.389237,0.52772,0.11795,0.139483,0.02453,0.002047,1261,63,1261,1185,1261,1110,1261,1261,1185,0.843703,3.180554,20260610
MSFT,us_stock,USD,0.270564,-0.303358,-0.02584,-0.039052,1.090995,1.084976,-0.01166,0.007328,0.512898,-0.002425,0.417581,0.405241,0.036659,0.074607,0.162302,0.001409,21173584053722.21,0.270564,-0.303358,-0.02584,-0.039052,1.090995,1.084976,-0.01166,0.007328,0.512898,-0.002425,0.417581,0.405241,0.036659,0.595635,0.074607,0.162302,-0.051326,0.001409,1261,63,1261,1185,1261,1110,1261,1261,1185,-0.024266,-0.20771,20260610
MTUM,equity_etf,USD,0.216806,-0.077277,-0.020524,-0.030178,1.055046,1.061995,0.008299,-0.008382,0.801948,0.231945,0.470778,0.53474,0.947891,0.111688,0.25076,0.000325,475139352208.84595,0.216806,-0.077277,-0.020524,-0.030178,1.055046,1.061995,0.008299,-0.008382,0.801948,0.231945,0.470778,0.53474,0.947891,0.647163,0.111688,0.25076,-0.02297,0.000325,1261,63,1261,1185,1261,1110,1261,1261,1185,0.523461,2.308127,20260610
MU,us_stock,USD,0.529264,-0.289955,-0.055572,-0.07834,1.667428,1.728861,0.312569,0.116377,0.432934,0.398717,1.118067,1.152673,0.74417,0.102799,0.397044,-0.00048,47112057620925.586,0.529264,-0.289955,-0.055572,-0.07834,1.667428,1.728861,0.312569,0.116377,0.432934,0.398717,1.118067,1.152673,0.74417,0.378991,0.102799,0.397044,0.051424,-0.00048,1261,63,1261,1185,1261,1110,1261,1261,1185,8.75375,12.659201,20260610
NFLX,us_stock,USD,0.430459,-0.393315,-0.034265,-0.05029,1.131123,1.233493,-0.126168,-0.137435,0.150463,-0.213781,0.457441,0.483598,-0.171679,0.100625,0.209664,0.00555,5219649095700.922,0.430459,-0.393315,-0.034265,-0.05029,1.131123,1.233493,-0.126168,-0.137435,0.150463,-0.213781,0.457441,0.483598,-0.171679,0.4807,0.100625,0.209664,-0.078978,0.00555,1261,63,1261,1185,1261,1110,1261,1261,1185,-0.25985,-0.843627,20260610
NOBL,equity_etf,USD,0.276716,-0.518452,-0.013545,-0.056615,0.724208,0.695724,-0.051945,-0.077415,0.114826,0.016702,0.209887,0.171422,0.036852,0.099144,0.208606,-0.000529,98623363432.85977,0.276716,-0.518452,-0.013545,-0.056615,0.724208,0.695724,-0.051945,-0.077415,0.114826,0.016702,0.209887,0.171422,0.036852,0.815978,0.099144,0.208606,0.006804,-0.000529,1261,63,1261,1185,1261,1110,1261,1261,1185,-0.368244,-0.76058,20260610
NVDA,us_stock,USD,0.51394,-0.151755,-0.035904,-0.045375,1.895602,1.802142,0.134107,0.150665,0.671805,0.215961,1.102821,1.151705,0.480784,0.103649,0.186482,0.000215,49734596903414.61,0.51394,-0.151755,-0.035904,-0.045375,1.895602,1.802142,0.134107,0.150665,0.671805,0.215961,1.102821,1.151705,0.480784,0.278716,0.103649,0.186482,-0.030449,0.000215,1261,63,1261,1185,1261,1110,1261,1261,1185,0.658477,1.784424,20260610
ORCL,us_stock,USD,0.41853,-0.561007,-0.053376,-0.066624,1.100865,1.09846,0.094309,0.164091,0.513035,0.164532,0.493018,0.585182,0.307497,0.101067,0.212305,-0.001246,6797626467378.528,0.41853,-0.561007,-0.053376,-0.066624,1.100865,1.09846,0.094309,0.164091,0.513035,0.164532,0.493018,0.585182,0.307497,0.402661,0.101067,0.212305,0.026053,-0.001246,1261,63,1261,1185,1261,1110,1261,1261,1185,0.348283,0.490599,20260610
PDBC,commodity_etf,USD,0.211184,-0.079877,-0.019156,-0.031408,0.375099,0.570461,-0.012468,0.007933,-0.003986,-0.056284,0.111249,0.148589,-0.10652,0.507821,0.472279,-0.001943,228580100934.93536,0.211184,-0.079877,-0.019156,-0.031408,0.375099,0.570461,-0.012468,0.007933,-0.003986,-0.056284,0.111249,0.148589,-0.10652,0.891563,0.507821,0.472279,-0.01354,-0.001943,1261,63,1261,1185,1261,1110,1261,1261,1185,0.569982,2.454204,20260610
PFE,us_stock,USD,0.26396,-0.120326,-0.024199,-0.030966,0.49378,0.50526,-0.094886,-0.033861,0.374877,0.01785,0.106152,0.052123,-0.036029,0.032194,0.169342,0.000697,1423886188784.7617,0.26396,-0.120326,-0.024199,-0.030966,0.49378,0.50526,-0.094886,-0.033861,0.374877,0.01785,0.106152,0.052123,-0.036029,0.720587,0.032194,0.169342,-0.04547,0.000697,1261,63,1261,1185,1261,1110,1261,1261,1185,0.329108,1.171079,20260610
PG,us_stock,USD,0.197692,-0.11841,-0.018364,-0.026107,0.43013,0.464685,-0.109077,-0.082495,0.225909,-0.159899,0.05103,0.005121,-0.09129,0.014405,0.225246,-0.001675,2051047586099.189,0.197692,-0.11841,-0.018364,-0.026107,0.43013,0.464685,-0.109077,-0.082495,0.225909,-0.159899,0.05103,0.005121,-0.09129,0.856743,0.014405,0.225246,-0.038343,-0.001675,1261,63,1261,1185,1261,1110,1261,1261,1185,0.052499,0.111004,20260610
PPA,equity_etf,USD,0.198383,-0.112175,-0.020204,-0.02599,0.847494,0.839834,-0.02584,0.006396,0.679946,0.151908,0.306352,0.352269,0.456671,0.127464,0.301235,9.6e-05,65656707971.38957,0.198383,-0.112175,-0.020204,-0.02599,0.847494,0.839834,-0.02584,0.006396,0.679946,0.151908,0.306352,0.352269,0.456671,0.729745,0.127464,0.301235,-0.022072,9.6e-05,1261,63,1261,1185,1261,1110,1261,1261,1185,0.428987,1.890423,20260610
PSQ,inverse_etf,USD,0.260492,-0.251205,-0.018746,-0.026728,-0.785841,-0.791075,-0.170701,-0.198052,-0.350669,-0.26932,-0.479361,-0.54481,-0.667109,0.071857,0.147461,0.000705,415261061738.4303,0.260492,-0.251205,-0.018746,-0.026728,-0.785841,-0.791075,-0.170701,-0.198052,-0.350669,-0.26932,-0.479361,-0.54481,-0.667109,1.423084,0.071857,0.147461,-0.050213,0.000705,1261,63,1261,1185,1261,1110,1261,1261,1185,-0.123712,-0.762902,20260610
QCOM,us_stock,USD,0.407091,-0.302357,-0.040782,-0.068558,1.421382,1.305617,0.05962,0.10807,0.264121,0.081177,0.856383,0.854827,0.523708,0.105268,0.268145,0.000587,5759421339075.756,0.407091,-0.302357,-0.040782,-0.068558,1.421382,1.305617,0.05962,0.10807,0.264121,0.081177,0.856383,0.854827,0.523708,0.382589,0.105268,0.268145,-0.031469,0.000587,1261,63,1261,1185,1261,1110,1261,1261,1185,0.580495,1.15211,20260610
QQQ,equity_etf,USD,0.229566,-0.081395,-0.018849,-0.025065,1.201249,1.193291,0.008155,-0.018212,0.931684,0.155181,0.550862,0.583419,0.823739,0.081275,0.223158,0.000225,47486154457767.89,0.229566,-0.081395,-0.018849,-0.025065,1.201249,1.193291,0.008155,-0.018212,0.931684,0.155181,0.550862,0.583419,0.823739,0.570991,0.081275,0.223158,-0.03938,0.000225,1261,63,1261,1185,1261,1110,1261,1261,1185,0.514936,2.66255,20260610
QUAL,equity_etf,USD,0.183964,-0.061635,-0.014997,-0.019821,0.994826,0.966421,-0.024101,-0.031263,0.971662,0.012747,0.401268,0.399703,0.600101,0.091229,0.221165,-0.000155,605134232348.5936,0.183964,-0.061635,-0.014997,-0.019821,0.994826,0.966421,-0.024101,-0.031263,0.971662,0.012747,0.401268,0.399703,0.600101,0.663805,0.091229,0.221165,-0.029211,-0.000155,1261,63,1261,1185,1261,1110,1261,1261,1185,0.352908,2.245106,20260610
RSP,equity_etf,USD,0.173905,-0.056881,-0.013407,-0.019384,0.892317,0.869678,-0.034701,-0.031581,0.88943,-0.041546,0.326365,0.321081,0.470805,0.11024,0.22181,0.00025,3160447237900.036,0.173905,-0.056881,-0.013407,-0.019384,0.892317,0.869678,-0.034701,-0.031581,0.88943,-0.041546,0.326365,0.321081,0.470805,0.68062,0.11024,0.22181,-0.020665,0.00025,1261,63,1261,1185,1261,1110,1261,1261,1185,0.343547,2.161549,20260610
SCHD,equity_etf,USD,0.163269,-0.035651,-0.013013,-0.017525,0.73678,0.728558,-0.062838,-0.041447,0.585134,-0.22643,0.235223,0.204267,0.184908,0.135396,0.215421,-0.000383,1025929479076.9589,0.163269,-0.035651,-0.013013,-0.017525,0.73678,0.728558,-0.062838,-0.041447,0.585134,-0.22643,0.235223,0.204267,0.184908,0.786988,0.135396,0.215421,-0.023574,-0.000383,1261,63,1261,1185,1261,1110,1261,1261,1185,0.430704,2.737528,20260610
SGOV,bond_etf,USD,0.099399,-0.043755,-0.008704,-0.013238,0.208248,0.198222,-0.082649,-0.105726,0.487281,-0.156732,0.036067,0.017895,0.029119,0.075862,0.185587,0.000444,3123372240186.733,0.099399,-0.043755,-0.008704,-0.013238,0.208248,0.198222,-0.082649,-0.105726,0.487281,-0.156732,0.036067,0.017895,0.029119,0.998795,0.075862,0.185587,-0.046002,0.000444,1261,63,1261,1185,1261,1110,1261,1261,1185,0.169881,1.499013,20260610
SH,inverse_etf,USD,0.210151,-0.176163,-0.015162,-0.022208,-0.572634,-0.592315,-0.146637,-0.190746,-0.239526,-0.241599,-0.318864,-0.375261,-0.480023,0.051118,0.153441,0.000559,595337415651.9604,0.210151,-0.176163,-0.015162,-0.022208,-0.572634,-0.592315,-0.146637,-0.190746,-0.239526,-0.241599,-0.318864,-0.375261,-0.480023,1.331128,0.051118,0.153441,-0.061723,0.000559,1261,63,1261,1185,1261,1110,1261,1261,1185,-0.04023,-0.434384,20260610
SHV,bond_etf,USD,0.099309,-0.043797,-0.008784,-0.013216,0.208979,0.199106,-0.082989,-0.106482,0.490621,-0.158542,0.036349,0.018566,0.030623,0.075452,0.187318,0.000437,453839200551.4582,0.099309,-0.043797,-0.008784,-0.013216,0.208979,0.199106,-0.082989,-0.106482,0.490621,-0.158542,0.036349,0.018566,0.030623,0.997516,0.075452,0.187318,-0.046177,0.000437,1261,63,1261,1185,1261,1110,1261,1261,1185,0.169329,1.494157,20260610
SHY,bond_etf,USD,0.09851,-0.04392,-0.008248,-0.013346,0.208958,0.191425,-0.087034,-0.109522,0.562402,-0.164141,0.036714,0.015557,0.095994,0.067515,0.21147,0.000315,537264302121.7143,0.09851,-0.04392,-0.008248,-0.013346,0.208958,0.191425,-0.087034,-0.109522,0.562402,-0.164141,0.036714,0.015557,0.095994,0.968683,0.067515,0.21147,-0.049376,0.000315,1261,63,1261,1185,1261,1110,1261,1261,1185,0.163403,1.4383,20260610
SLV,commodity_etf,USD,0.361201,-0.4036,-0.047208,-0.096473,0.51158,0.725441,0.127274,0.232351,0.604033,0.241818,0.259394,0.38682,0.549503,0.148632,1.443501,-0.003053,2939936814027.9956,0.361201,-0.4036,-0.047208,-0.096473,0.51158,0.725441,0.127274,0.232351,0.604033,0.241818,0.259394,0.38682,0.549503,0.311387,0.148632,1.443501,0.038232,-0.003053,1261,63,1261,1185,1261,1110,1261,1261,1185,1.03746,1.703921,20260610
SMH,equity_etf,USD,0.351851,-0.105201,-0.030434,-0.04346,1.555041,1.462455,0.102134,0.056307,0.714878,0.228456,0.953429,0.967917,0.983152,0.092982,0.312684,-0.000539,7416446504948.772,0.351851,-0.105201,-0.030434,-0.04346,1.555041,1.462455,0.102134,0.056307,0.714878,0.228456,0.953429,0.967917,0.983152,0.394368,0.092982,0.312684,-0.00759,-0.000539,1261,63,1261,1185,1261,1110,1261,1261,1185,1.647681,4.928033,20260610
SOL-USD,crypto,USD,0.825598,-0.711194,-0.06081,-0.085911,1.623558,1.401464,-0.067331,-0.009837,0.440391,0.033182,0.745729,0.890517,0.283285,0.09549,0.251574,0.011753,532921574307286.75,0.825598,-0.711194,-0.06081,-0.085911,1.623558,1.401464,-0.067331,-0.009837,0.440391,0.033182,0.745729,0.890517,0.283285,0.440365,0.09549,0.251574,-0.026078,0.011753,1834,66,1260,1224,1260,1304,1260,1260,1225,-0.666862,-1.147377,20260610
SPLV,equity_etf,USD,0.149852,-0.072029,-0.013415,-0.019872,0.574173,0.580489,-0.091636,-0.07067,0.449289,-0.228322,0.122085,0.095771,-0.087491,0.083497,0.229447,-0.000334,288998104651.0736,0.149852,-0.072029,-0.013415,-0.019872,0.574173,0.580489,-0.091636,-0.07067,0.449289,-0.228322,0.122085,0.095771,-0.087491,0.844401,0.083497,0.229447,-0.035856,-0.000334,1261,63,1261,1185,1261,1110,1261,1261,1185,0.164592,0.965962,20260610
SPY,equity_etf,USD,0.181166,-0.060534,-0.014618,-0.020344,1.0,1.0,-0.020436,-0.0231,1.0,0.081704,0.396145,0.417251,0.65062,0.10161,0.216954,0.000465,66590701234377.53,0.181166,-0.060534,-0.014618,-0.020344,1.0,1.0,-0.020436,-0.0231,1.0,0.081704,0.396145,0.417251,0.65062,0.65825,0.10161,0.216954,-0.030647,0.000465,1261,63,1261,1185,1261,1110,1261,1261,1185,0.404421,2.622741,20260610
TAIL,tail_risk_etf,USD,0.18469,-0.133348,-0.011129,-0.017338,-0.3669,-0.561504,-0.128107,-0.179902,-0.004655,-0.152241,-0.216569,-0.328154,-0.250091,0.015903,0.250921,0.000387,7029325364.379698,0.18469,-0.133348,-0.011129,-0.017338,-0.3669,-0.561504,-0.128107,-0.179902,-0.004655,-0.152241,-0.216569,-0.328154,-0.250091,1.126738,0.015903,0.250921,-0.063799,0.000387,1261,63,1261,1185,1261,1110,1261,1261,1185,0.03874,0.06895,20260610
TAN,equity_etf,USD,0.395917,-0.144881,-0.031938,-0.044865,1.059459,0.934187,0.07177,0.077563,0.603612,0.245906,0.552443,0.478498,0.667092,0.108647,0.408486,0.001402,128198545975.89821,0.395917,-0.144881,-0.031938,-0.044865,1.059459,0.934187,0.07177,0.077563,0.603612,0.245906,0.552443,0.478498,0.667092,0.326383,0.108647,0.408486,-0.046041,0.001402,1261,63,1261,1185,1261,1110,1261,1261,1185,1.077627,2.735218,20260610
TIP,bond_etf,USD,0.108667,-0.035521,-0.008666,-0.014143,0.241184,0.217007,-0.083926,-0.101224,0.600181,-0.149546,0.047668,0.022558,0.149266,0.080633,0.262694,-0.000329,383562353126.21893,0.108667,-0.035521,-0.008666,-0.014143,0.241184,0.217007,-0.083926,-0.101224,0.600181,-0.149546,0.047668,0.022558,0.149266,0.895467,0.080633,0.262694,-0.047427,-0.000329,1261,63,1261,1185,1261,1110,1261,1261,1185,0.171472,1.46376,20260610
TLT,bond_etf,USD,0.176301,-0.05765,-0.010131,-0.016444,0.207268,0.12065,-0.101123,-0.128943,0.684776,-0.102439,0.036062,-0.000563,0.249702,-0.007771,0.300677,-0.000541,3597612781308.799,0.176301,-0.05765,-0.010131,-0.016444,0.207268,0.12065,-0.101123,-0.128943,0.684776,-0.102439,0.036062,-0.000563,0.249702,0.798412,-0.007771,0.300677,-0.06615,-0.000541,1261,63,1261,1185,1261,1110,1261,1261,1185,0.172387,1.134588,20260610
TSLA,us_stock,USD,0.587102,-0.29582,-0.042682,-0.053943,1.78056,1.737014,0.038845,0.004695,0.605204,0.148494,0.84743,0.922673,0.575917,0.069874,0.137976,-0.002695,34558791376642.836,0.587102,-0.29582,-0.042682,-0.053943,1.78056,1.737014,0.038845,0.004695,0.605204,0.148494,0.84743,0.922673,0.575917,0.329029,0.069874,0.137976,-0.11199,-0.002695,1261,63,1261,1185,1261,1110,1261,1261,1185,0.517017,1.087718,20260610
TSM,us_stock,USD,0.372261,-0.138127,-0.031935,-0.043494,1.258838,1.255767,0.166932,0.094001,0.609277,0.218426,0.794504,0.829736,0.658127,0.091104,0.302316,-0.001831,7741407994194.731,0.372261,-0.138127,-0.031935,-0.043494,1.258838,1.255767,0.166932,0.094001,0.609277,0.218426,0.794504,0.829736,0.658127,0.373793,0.091104,0.302316,0.043009,-0.001831,1261,63,1261,1185,1261,1110,1261,1261,1185,1.383153,3.730245,20260610
UNG,commodity_etf,USD,0.648826,-0.392012,-0.054895,-0.086105,0.502669,0.920974,-0.013308,0.236673,-0.028038,0.087294,0.119792,0.206134,-0.121439,0.325359,0.328357,-0.006992,153487930576.04312,0.648826,-0.392012,-0.054895,-0.086105,0.502669,0.920974,-0.013308,0.236673,-0.028038,0.087294,0.119792,0.206134,-0.121439,1.025473,0.325359,0.328357,-0.004419,-0.006992,1261,63,1261,1185,1261,1110,1261,1261,1185,-0.251695,-0.460558,20260610
UNH,us_stock,USD,0.331847,-0.251639,-0.029259,-0.05519,0.573709,0.561601,-0.101254,-0.09942,0.274448,-0.066679,0.116957,0.018835,-0.00782,0.070192,0.231211,-0.002288,4174823063903.6826,0.331847,-0.251639,-0.029259,-0.05519,0.573709,0.561601,-0.101254,-0.09942,0.274448,-0.066679,0.116957,0.018835,-0.00782,0.897128,0.070192,0.231211,-0.059897,-0.002288,1261,63,1261,1185,1261,1110,1261,1261,1185,0.580693,1.339745,20260610
URA,equity_etf,USD,0.432505,-0.257496,-0.048685,-0.063657,1.172573,1.352608,0.143757,0.195787,0.578491,0.271941,0.591344,0.787076,0.658185,0.202149,0.750083,0.000774,301661390095.1456,0.432505,-0.257496,-0.048685,-0.063657,1.172573,1.352608,0.143757,0.195787,0.578491,0.271941,0.591344,0.787076,0.658185,0.178823,0.202149,0.750083,0.014284,0.000774,1261,63,1261,1185,1261,1110,1261,1261,1185,0.550994,1.02914,20260610
USMV,equity_etf,USD,0.146286,-0.055883,-0.011657,-0.018311,0.685795,0.687224,-0.078887,-0.065928,0.738673,-0.159808,0.199988,0.18678,0.145438,0.087442,0.2219,-0.000112,332115639328.94745,0.146286,-0.055883,-0.011657,-0.018311,0.685795,0.687224,-0.078887,-0.065928,0.738673,-0.159808,0.199988,0.18678,0.145438,0.791351,0.087442,0.2219,-0.043361,-0.000112,1261,63,1261,1185,1261,1110,1261,1261,1185,0.168832,1.078322,20260610
USO,commodity_etf,USD,0.37667,-0.181397,-0.038631,-0.06259,0.439245,0.806281,-0.03587,0.012209,-0.217034,-0.162952,0.102209,0.167985,-0.247799,1.0,0.454289,0.00114,4493745739000.093,0.37667,-0.181397,-0.038631,-0.06259,0.439245,0.806281,-0.03587,0.012209,-0.217034,-0.162952,0.102209,0.167985,-0.247799,1.099058,1.0,0.454289,-0.026122,0.00114,1261,63,1261,1185,1261,1110,1261,1261,1185,1.076187,2.20813,20260610
V,us_stock,USD,0.239198,-0.15573,-0.023229,-0.034957,0.870855,0.788632,-0.066249,-0.070194,0.412729,-0.174928,0.259595,0.2101,-0.086341,0.093509,0.129432,0.002178,3533923917477.941,0.239198,-0.15573,-0.023229,-0.034957,0.870855,0.788632,-0.066249,-0.070194,0.412729,-0.174928,0.259595,0.2101,-0.086341,0.747138,0.093509,0.129432,-0.007391,0.002178,1261,63,1261,1185,1261,1110,1261,1261,1185,-0.001184,-0.124936,20260610
VCIT,bond_etf,USD,0.10643,-0.037626,-0.008328,-0.013711,0.283519,0.237332,-0.084713,-0.106119,0.721474,-0.142981,0.071912,0.046587,0.25591,0.049492,0.247712,-1.2e-05,1382473376579.6824,0.10643,-0.037626,-0.008328,-0.013711,0.283519,0.237332,-0.084713,-0.106119,0.721474,-0.142981,0.071912,0.046587,0.25591,0.845726,0.049492,0.247712,-0.051443,-1.2e-05,1261,63,1261,1185,1261,1110,1261,1261,1185,0.19389,1.697563,20260610
VCSH,bond_etf,USD,0.097247,-0.040364,-0.008127,-0.013358,0.23886,0.215159,-0.08483,-0.104043,0.610625,-0.152533,0.0503,0.029094,0.139692,0.065829,0.216235,0.000314,573103816489.0483,0.097247,-0.040364,-0.008127,-0.013358,0.23886,0.215159,-0.08483,-0.104043,0.610625,-0.152533,0.0503,0.029094,0.139692,0.933498,0.065829,0.216235,-0.048646,0.000314,1261,63,1261,1185,1261,1110,1261,1261,1185,0.177111,1.591037,20260610
VGIT,bond_etf,USD,0.104794,-0.043851,-0.008549,-0.013473,0.199245,0.160028,-0.08856,-0.11075,0.649566,-0.143646,0.033111,0.007116,0.178379,0.0482,0.24752,0.000193,297011121944.9359,0.104794,-0.043851,-0.008549,-0.013473,0.199245,0.160028,-0.08856,-0.11075,0.649566,-0.143646,0.033111,0.007116,0.178379,0.906991,0.0482,0.24752,-0.051539,0.000193,1261,63,1261,1185,1261,1110,1261,1261,1185,0.167184,1.452794,20260610
VGLT,bond_etf,USD,0.165076,-0.053459,-0.009567,-0.015722,0.199668,0.118364,-0.097641,-0.124324,0.700539,-0.097209,0.032827,-0.003892,0.262478,-0.004078,0.293296,-0.000497,190693380940.07468,0.165076,-0.053459,-0.009567,-0.015722,0.199668,0.118364,-0.097641,-0.124324,0.700539,-0.097209,0.032827,-0.003892,0.262478,0.803437,-0.004078,0.293296,-0.063283,-0.000497,1261,63,1261,1185,1261,1110,1261,1261,1185,0.176854,1.234567,20260610
VGSH,bond_etf,USD,0.098539,-0.043601,-0.008385,-0.013176,0.202236,0.186118,-0.085455,-0.107132,0.551721,-0.164926,0.033947,0.013339,0.084339,0.067154,0.211095,0.000294,340367169551.9208,0.098539,-0.043601,-0.008385,-0.013176,0.202236,0.186118,-0.085455,-0.107132,0.551721,-0.164926,0.033947,0.013339,0.084339,0.970341,0.067154,0.211095,-0.04838,0.000294,1261,63,1261,1185,1261,1110,1261,1261,1185,0.164555,1.459565,20260610
VIG,equity_etf,USD,0.159816,-0.060104,-0.011565,-0.018288,0.830837,0.814651,-0.052495,-0.04664,0.882424,-0.088781,0.293241,0.281343,0.447151,0.093564,0.2191,8e-05,385632548588.22595,0.159816,-0.060104,-0.011565,-0.018288,0.830837,0.814651,-0.052495,-0.04664,0.882424,-0.088781,0.293241,0.281343,0.447151,0.743733,0.093564,0.2191,-0.027995,8e-05,1261,63,1261,1185,1261,1110,1261,1261,1185,0.339668,2.336601,20260610
VNQ,equity_etf,USD,0.195931,-0.06859,-0.015384,-0.022202,0.762622,0.793187,-0.043306,-0.046683,0.571622,-0.144966,0.233771,0.214621,0.147484,0.074103,0.252932,-0.000141,468547056788.7112,0.195931,-0.06859,-0.015384,-0.022202,0.762622,0.793187,-0.043306,-0.046683,0.571622,-0.144966,0.233771,0.214621,0.147484,0.631388,0.074103,0.252932,-0.026834,-0.000141,1261,63,1261,1185,1261,1110,1261,1261,1185,0.275444,1.568357,20260610
VTI,equity_etf,USD,0.184047,-0.057382,-0.014509,-0.020668,1.011906,1.005992,-0.016824,-0.021132,0.997745,0.070122,0.405023,0.425988,0.66227,0.102008,0.220507,0.000448,2020384529547.264,0.184047,-0.057382,-0.014509,-0.020668,1.011906,1.005992,-0.016824,-0.021132,0.997745,0.070122,0.405023,0.425988,0.66227,0.64861,0.102008,0.220507,-0.027666,0.000448,1261,63,1261,1185,1261,1110,1261,1261,1185,0.407313,2.581091,20260610
VTV,equity_etf,USD,0.157635,-0.046744,-0.012563,-0.017853,0.768976,0.774012,-0.04714,-0.041891,0.831576,-0.051586,0.255884,0.252858,0.492878,0.121853,0.229972,8e-06,988951306568.2318,0.157635,-0.046744,-0.012563,-0.017853,0.768976,0.774012,-0.04714,-0.041891,0.831576,-0.051586,0.255884,0.252858,0.492878,0.759762,0.121853,0.229972,-0.022072,8e-06,1261,63,1261,1185,1261,1110,1261,1261,1185,0.423906,2.920602,20260610
VUG,equity_etf,USD,0.227333,-0.12916,-0.01709,-0.024459,1.197478,1.187673,0.009441,-0.011208,0.958077,0.122577,0.516932,0.556566,0.645018,0.080664,0.206265,0.000696,978497387820.5624,0.227333,-0.12916,-0.01709,-0.024459,1.197478,1.187673,0.009441,-0.011208,0.958077,0.122577,0.516932,0.556566,0.645018,0.574774,0.080664,0.206265,-0.033952,0.000696,1261,63,1261,1185,1261,1110,1261,1261,1185,0.376007,1.957866,20260610
VXUS,equity_etf,USD,0.166429,-0.081038,-0.017503,-0.025255,0.755563,0.75169,0.027711,0.021251,0.885005,0.134916,0.32119,0.323274,0.72025,0.080206,0.351561,0.000406,808719375475.1967,0.166429,-0.081038,-0.017503,-0.025255,0.755563,0.75169,0.027711,0.021251,0.885005,0.134916,0.32119,0.323274,0.72025,0.539089,0.080206,0.351561,-0.008868,0.000406,1261,63,1261,1185,1261,1110,1261,1261,1185,0.435356,2.412336,20260610
WMT,us_stock,USD,0.236541,-0.152637,-0.023723,-0.035045,0.576909,0.589213,-0.125521,-0.125733,0.289752,-0.350702,0.123541,0.09414,0.024072,0.097327,0.254697,-0.000687,3806534784642.7075,0.236541,-0.152637,-0.023723,-0.035045,0.576909,0.589213,-0.125521,-0.125733,0.289752,-0.350702,0.123541,0.09414,0.024072,0.963452,0.097327,0.254697,-0.080906,-0.000687,1261,63,1261,1185,1261,1110,1261,1261,1185,0.388136,1.367309,20260610
XBI,equity_etf,USD,0.322383,-0.085422,-0.026375,-0.030921,1.077112,1.075483,-0.071163,-0.126038,0.651857,0.002093,0.451682,0.50972,0.379498,0.018656,0.252343,0.004405,1721754326362.3347,0.322383,-0.085422,-0.026375,-0.030921,1.077112,1.075483,-0.071163,-0.126038,0.651857,0.002093,0.451682,0.50972,0.379498,0.463343,0.018656,0.252343,-0.082918,0.004405,1261,63,1261,1185,1261,1110,1261,1261,1185,0.766364,2.70561,20260610
XLB,equity_etf,USD,0.196772,-0.103058,-0.01662,-0.022881,0.871358,0.867122,0.005199,0.030224,0.664757,0.184835,0.325259,0.313945,0.519115,0.121009,0.337553,-0.000544,935842694881.6495,0.196772,-0.103058,-0.01662,-0.022881,0.871358,0.867122,0.005199,0.030224,0.664757,0.184835,0.325259,0.313945,0.519115,0.597634,0.121009,0.337553,0.014115,-0.000544,1261,63,1261,1185,1261,1110,1261,1261,1185,0.331208,1.636685,20260610
XLC,equity_etf,USD,0.212133,-0.080624,-0.015098,-0.019489,0.993215,0.998036,-0.015456,-0.036147,0.78227,-0.010839,0.371223,0.385827,0.195833,0.08192,0.183385,0.000162,986620164888.58,0.212133,-0.080624,-0.015098,-0.019489,0.993215,0.998036,-0.015456,-0.036147,0.78227,-0.010839,0.371223,0.385827,0.195833,0.59537,0.08192,0.183385,-0.023882,0.000162,1261,63,1261,1185,1261,1110,1261,1261,1185,0.228307,1.326045,20260610
XLE,equity_etf,USD,0.274846,-0.142544,-0.025587,-0.033309,0.745273,0.957431,-0.057299,0.008696,0.12036,-0.323487,0.223698,0.281173,-0.08558,0.490259,0.32968,-0.000936,3953745509477.206,0.274846,-0.142544,-0.025587,-0.033309,0.745273,0.957431,-0.057299,0.008696,0.12036,-0.323487,0.223698,0.281173,-0.08558,0.891755,0.490259,0.32968,-0.028933,-0.000936,1261,63,1261,1185,1261,1110,1261,1261,1185,0.603061,2.376866,20260610
XLF,equity_etf,USD,0.199546,-0.127534,-0.018344,-0.024102,0.908781,0.903027,-0.041669,-0.040209,0.647928,-0.144286,0.283645,0.281873,0.042083,0.114059,0.150446,0.001407,3048843088402.592,0.199546,-0.127534,-0.018344,-0.024102,0.908781,0.903027,-0.041669,-0.040209,0.647928,-0.144286,0.283645,0.281873,0.042083,0.732707,0.114059,0.150446,-0.005692,0.001407,1261,63,1261,1185,1261,1110,1261,1261,1185,0.172502,0.844376,20260610
XLI,equity_etf,USD,0.18607,-0.087623,-0.01692,-0.022079,0.89721,0.857042,-0.021748,-0.019375,0.720082,0.132722,0.336973,0.349888,0.578493,0.106164,0.23769,-0.000303,2474193021818.749,0.18607,-0.087623,-0.01692,-0.022079,0.89721,0.857042,-0.021748,-0.019375,0.720082,0.132722,0.336973,0.349888,0.578493,0.689279,0.106164,0.23769,-0.009229,-0.000303,1261,63,1261,1185,1261,1110,1261,1261,1185,0.385985,2.049148,20260610
XLK,equity_etf,USD,0.254526,-0.112148,-0.0211,-0.031651,1.287957,1.253892,0.034779,0.006623,0.846298,0.223131,0.62869,0.667857,0.840429,0.089235,0.239272,0.000489,3210409447315.948,0.254526,-0.112148,-0.0211,-0.031651,1.287957,1.253892,0.034779,0.006623,0.846298,0.223131,0.62869,0.667857,0.840429,0.549324,0.089235,0.239272,-0.036518,0.000489,1261,63,1261,1185,1261,1110,1261,1261,1185,0.721774,2.974875,20260610
XLP,equity_etf,USD,0.159448,-0.071573,-0.015294,-0.021479,0.521018,0.536121,-0.101564,-0.087093,0.349144,-0.30861,0.102356,0.065244,-0.08545,0.070927,0.227563,-0.000756,1665333058419.178,0.159448,-0.071573,-0.015294,-0.021479,0.521018,0.536121,-0.101564,-0.087093,0.349144,-0.30861,0.102356,0.065244,-0.08545,0.875667,0.070927,0.227563,-0.042583,-0.000756,1261,63,1261,1185,1261,1110,1261,1261,1185,0.194132,1.02725,20260610
XLU,equity_etf,USD,0.188658,-0.079573,-0.017659,-0.024648,0.547257,0.534965,-0.078852,-0.065324,0.394026,-0.102431,0.120099,0.111538,0.091412,0.084901,0.315581,3.9e-05,1500756040833.318,0.188658,-0.079573,-0.017659,-0.024648,0.547257,0.534965,-0.078852,-0.065324,0.394026,-0.102431,0.120099,0.111538,0.091412,0.796413,0.084901,0.315581,-0.044681,3.9e-05,1261,63,1261,1185,1261,1110,1261,1261,1185,0.257612,1.338561,20260610
XLV,equity_etf,USD,0.167122,-0.103763,-0.015915,-0.020708,0.647662,0.618428,-0.097985,-0.096897,0.548677,-0.164125,0.17572,0.135824,0.014586,0.049994,0.210392,0.000752,2434449719029.099,0.167122,-0.103763,-0.015915,-0.020708,0.647662,0.618428,-0.097985,-0.096897,0.548677,-0.164125,0.17572,0.135824,0.014586,0.790844,0.049994,0.210392,-0.048004,0.000752,1261,63,1261,1185,1261,1110,1261,1261,1185,0.321436,1.645389,20260610
XLY,equity_etf,USD,0.242831,-0.122199,-0.020822,-0.024434,1.179123,1.157403,-0.011198,-0.0193,0.82435,0.009497,0.475231,0.509723,0.505207,0.067077,0.172184,-0.00012,1475382649511.902,0.242831,-0.122199,-0.020822,-0.024434,1.179123,1.157403,-0.011198,-0.0193,0.82435,0.009497,0.475231,0.509723,0.505207,0.588638,0.067077,0.172184,-0.031712,-0.00012,1261,63,1261,1185,1261,1110,1261,1261,1185,0.242552,1.09783,20260610
XOM,us_stock,USD,0.284347,-0.19099,-0.029002,-0.039638,0.609237,0.784621,-0.071435,-0.007679,0.021662,-0.323831,0.14562,0.168265,-0.191798,0.500834,0.344615,-0.000445,4591458367546.56,0.284347,-0.19099,-0.029002,-0.039638,0.609237,0.784621,-0.071435,-0.007679,0.021662,-0.323831,0.14562,0.168265,-0.191798,0.971119,0.500834,0.344615,-0.034809,-0.000445,1261,63,1261,1185,1261,1110,1261,1261,1185,0.663299,2.286857,20260610
XOP,equity_etf,USD,0.349195,-0.168523,-0.032284,-0.044122,0.972362,1.214528,-0.035208,0.057113,-0.019829,-0.248608,0.341448,0.429953,-0.13218,0.620434,0.34701,-0.00236,1108744585138.031,0.349195,-0.168523,-0.032284,-0.044122,0.972362,1.214528,-0.035208,0.057113,-0.019829,-0.248608,0.341448,0.429953,-0.13218,0.851722,0.620434,0.34701,-0.024643,-0.00236,1261,63,1261,1185,1261,1110,1261,1261,1185,0.538594,1.638625,20260610
XRP-USD,crypto,USD,0.721345,-0.607813,-0.048908,-0.076272,1.176389,0.897025,0.030095,0.056944,0.534581,0.097438,0.561808,0.526297,0.323023,0.130278,0.235471,0.005486,4512133462322.36,0.721345,-0.607813,-0.048908,-0.076272,1.176389,0.897025,0.030095,0.056944,0.534581,0.097438,0.561808,0.526297,0.323023,0.357811,0.130278,0.235471,0.030407,0.005486,1834,66,1260,1224,1260,1304,1260,1260,1225,-0.568966,-1.02541,20260610
XRT,equity_etf,USD,0.276772,-0.122781,-0.021044,-0.026073,1.139972,1.024852,-0.048461,-0.056071,0.618676,-0.239395,0.451625,0.433332,0.374475,0.094479,0.200544,-0.000435,677077590761.4702,0.276772,-0.122781,-0.021044,-0.026073,1.139972,1.024852,-0.048461,-0.056071,0.618676,-0.239395,0.451625,0.433332,0.374475,0.669295,0.094479,0.200544,-0.032651,-0.000435,1261,63,1261,1185,1261,1110,1261,1261,1185,0.232812,0.91488,20260610
