date,ticker,adj_close,source,currency,ingested_at
2021-06-01,^KS200,430.320007,yahoo,KRW,2026-06-10T03:14:15.221337+00:00
2021-06-02,^KS200,430.149994,yahoo,KRW,2026-06-10T03:14:15.221337+00:00
2021-06-03,^KS200,433.869995,yahoo,KRW,2026-06-10T03:14:15.221337+00:00
2021-06-04,^KS200,432.220001,yahoo,KRW,2026-06-10T03:14:15.221337+00:00
2021-06-07,^KS200,433.26001,yahoo,KRW,2026-06-10T03:14:15.221337+00:00
2021-06-08,^KS200,432.880005,yahoo,KRW,2026-06-10T03:14:15.221337+00:00
2021-06-09,^KS200,428.160004,yahoo,KRW,2026-06-10T03:14:15.221337+00:00
2021-06-10,^KS200,429.350006,yahoo,KRW,2026-06-10T03:14:15.221337+00:00
2021-06-11,^KS200,432.779999,yahoo,KRW,2026-06-10T03:14:15.221337+00:00
2021-06-14,^KS200,433.220001,yahoo,KRW,2026-06-10T03:14:15.221337+00:00
2021-06-15,^KS200,434.130005,yahoo,KRW,2026-06-10T03:14:15.221337+00:00
2021-06-16,^KS200,436.959991,yahoo,KRW,2026-06-10T03:14:15.221337+00:00
2021-06-17,^KS200,434.730011,yahoo,KRW,2026-06-10T03:14:15.221337+00:00
2021-06-18,^KS200,435.019989,yahoo,KRW,2026-06-10T03:14:15.221337+00:00
2021-06-21,^KS200,431.459991,yahoo,KRW,2026-06-10T03:14:15.221337+00:00
2021-06-22,^KS200,434.420013,yahoo,KRW,2026-06-10T03:14:15.221337+00:00
2021-06-23,^KS200,436.730011,yahoo,KRW,2026-06-10T03:14:15.221337+00:00
2021-06-24,^KS200,438.380005,yahoo,KRW,2026-06-10T03:14:15.221337+00:00
2021-06-25,^KS200,440.399994,yahoo,KRW,2026-06-10T03:14:15.221337+00:00
2021-06-28,^KS200,439.980011,yahoo,KRW,2026-06-10T03:14:15.221337+00:00
2021-06-29,^KS200,437.540009,yahoo,KRW,2026-06-10T03:14:15.221337+00:00
2021-06-30,^KS200,438.839996,yahoo,KRW,2026-06-10T03:14:15.221337+00:00
2021-07-01,^KS200,436.339996,yahoo,KRW,2026-06-10T03:14:15.221337+00:00
2021-07-02,^KS200,436.0,yahoo,KRW,2026-06-10T03:14:15.221337+00:00
2021-07-05,^KS200,437.660004,yahoo,KRW,2026-06-10T03:14:15.221337+00:00
2021-07-06,^KS200,439.5,yahoo,KRW,2026-06-10T03:14:15.221337+00:00
2021-07-07,^KS200,436.970001,yahoo,KRW,2026-06-10T03:14:15.221337+00:00
2021-07-08,^KS200,432.630005,yahoo,KRW,2026-06-10T03:14:15.221337+00:00
2021-07-09,^KS200,427.839996,yahoo,KRW,2026-06-10T03:14:15.221337+00:00
2021-07-12,^KS200,431.279999,yahoo,KRW,2026-06-10T03:14:15.221337+00:00
2021-07-13,^KS200,434.709991,yahoo,KRW,2026-06-10T03:14:15.221337+00:00
2021-07-14,^KS200,433.570007,yahoo,KRW,2026-06-10T03:14:15.221337+00:00
2021-07-15,^KS200,436.76001,yahoo,KRW,2026-06-10T03:14:15.221337+00:00
2021-07-16,^KS200,434.820007,yahoo,KRW,2026-06-10T03:14:15.221337+00:00
2021-07-19,^KS200,429.890015,yahoo,KRW,2026-06-10T03:14:15.221337+00:00
2021-07-20,^KS200,428.549988,yahoo,KRW,2026-06-10T03:14:15.221337+00:00
2021-07-21,^KS200,426.0,yahoo,KRW,2026-06-10T03:14:15.221337+00:00
2021-07-22,^KS200,431.380005,yahoo,KRW,2026-06-10T03:14:15.221337+00:00
2021-07-23,^KS200,431.549988,yahoo,KRW,2026-06-10T03:14:15.221337+00:00
2021-07-26,^KS200,427.470001,yahoo,KRW,2026-06-10T03:14:15.221337+00:00
2021-07-27,^KS200,428.220001,yahoo,KRW,2026-06-10T03:14:15.221337+00:00
2021-07-28,^KS200,429.149994,yahoo,KRW,2026-06-10T03:14:15.221337+00:00
2021-07-29,^KS200,429.48999,yahoo,KRW,2026-06-10T03:14:15.221337+00:00
2021-07-30,^KS200,423.910004,yahoo,KRW,2026-06-10T03:14:15.221337+00:00
2021-08-02,^KS200,426.790009,yahoo,KRW,2026-06-10T03:14:15.221337+00:00
2021-08-03,^KS200,429.980011,yahoo,KRW,2026-06-10T03:14:15.221337+00:00
2021-08-04,^KS200,436.049988,yahoo,KRW,2026-06-10T03:14:15.221337+00:00
2021-08-05,^KS200,434.73999,yahoo,KRW,2026-06-10T03:14:15.221337+00:00
2021-08-06,^KS200,433.290009,yahoo,KRW,2026-06-10T03:14:15.221337+00:00
2021-08-09,^KS200,431.649994,yahoo,KRW,2026-06-10T03:14:15.221337+00:00
2021-08-10,^KS200,428.559998,yahoo,KRW,2026-06-10T03:14:15.221337+00:00
2021-08-11,^KS200,424.73999,yahoo,KRW,2026-06-10T03:14:15.221337+00:00
2021-08-12,^KS200,422.380005,yahoo,KRW,2026-06-10T03:14:15.221337+00:00
2021-08-13,^KS200,416.059998,yahoo,KRW,2026-06-10T03:14:15.221337+00:00
2021-08-17,^KS200,411.309998,yahoo,KRW,2026-06-10T03:14:15.221337+00:00
2021-08-18,^KS200,413.359985,yahoo,KRW,2026-06-10T03:14:15.221337+00:00
2021-08-19,^KS200,404.959991,yahoo,KRW,2026-06-10T03:14:15.221337+00:00
2021-08-20,^KS200,400.779999,yahoo,KRW,2026-06-10T03:14:15.221337+00:00
2021-08-23,^KS200,404.579987,yahoo,KRW,2026-06-10T03:14:15.221337+00:00
2021-08-24,^KS200,412.480011,yahoo,KRW,2026-06-10T03:14:15.221337+00:00
2021-08-25,^KS200,413.950012,yahoo,KRW,2026-06-10T03:14:15.221337+00:00
2021-08-26,^KS200,410.380005,yahoo,KRW,2026-06-10T03:14:15.221337+00:00
2021-08-27,^KS200,410.23999,yahoo,KRW,2026-06-10T03:14:15.221337+00:00
2021-08-30,^KS200,411.5,yahoo,KRW,2026-06-10T03:14:15.221337+00:00
2021-08-31,^KS200,419.790009,yahoo,KRW,2026-06-10T03:14:15.221337+00:00
2021-09-01,^KS200,419.920013,yahoo,KRW,2026-06-10T03:14:15.221337+00:00
2021-09-02,^KS200,415.890015,yahoo,KRW,2026-06-10T03:14:15.221337+00:00
2021-09-03,^KS200,419.220001,yahoo,KRW,2026-06-10T03:14:15.221337+00:00
2021-09-06,^KS200,420.369995,yahoo,KRW,2026-06-10T03:14:15.221337+00:00
2021-09-07,^KS200,417.799988,yahoo,KRW,2026-06-10T03:14:15.221337+00:00
2021-09-08,^KS200,414.540009,yahoo,KRW,2026-06-10T03:14:15.221337+00:00
2021-09-09,^KS200,407.279999,yahoo,KRW,2026-06-10T03:14:15.221337+00:00
2021-09-10,^KS200,408.700012,yahoo,KRW,2026-06-10T03:14:15.221337+00:00
2021-09-13,^KS200,409.700012,yahoo,KRW,2026-06-10T03:14:15.221337+00:00
2021-09-14,^KS200,412.359985,yahoo,KRW,2026-06-10T03:14:15.221337+00:00
2021-09-15,^KS200,412.850006,yahoo,KRW,2026-06-10T03:14:15.221337+00:00
2021-09-16,^KS200,409.220001,yahoo,KRW,2026-06-10T03:14:15.221337+00:00
2021-09-17,^KS200,410.98999,yahoo,KRW,2026-06-10T03:14:15.221337+00:00
2021-09-23,^KS200,410.459991,yahoo,KRW,2026-06-10T03:14:15.221337+00:00
2021-09-24,^KS200,409.839996,yahoo,KRW,2026-06-10T03:14:15.221337+00:00
2021-09-27,^KS200,410.970001,yahoo,KRW,2026-06-10T03:14:15.221337+00:00
2021-09-28,^KS200,406.200012,yahoo,KRW,2026-06-10T03:14:15.221337+00:00
2021-09-29,^KS200,400.089996,yahoo,KRW,2026-06-10T03:14:15.221337+00:00
2021-09-30,^KS200,401.299988,yahoo,KRW,2026-06-10T03:14:15.221337+00:00
2021-10-01,^KS200,394.790009,yahoo,KRW,2026-06-10T03:14:15.221337+00:00
2021-10-05,^KS200,388.01001,yahoo,KRW,2026-06-10T03:14:15.221337+00:00
2021-10-06,^KS200,381.929993,yahoo,KRW,2026-06-10T03:14:15.221337+00:00
2021-10-07,^KS200,388.140015,yahoo,KRW,2026-06-10T03:14:15.221337+00:00
2021-10-08,^KS200,387.420013,yahoo,KRW,2026-06-10T03:14:15.221337+00:00
2021-10-12,^KS200,380.690002,yahoo,KRW,2026-06-10T03:14:15.221337+00:00
2021-10-13,^KS200,384.100006,yahoo,KRW,2026-06-10T03:14:15.221337+00:00
2021-10-14,^KS200,389.589996,yahoo,KRW,2026-06-10T03:14:15.221337+00:00
2021-10-15,^KS200,393.190002,yahoo,KRW,2026-06-10T03:14:15.221337+00:00
2021-10-18,^KS200,392.019989,yahoo,KRW,2026-06-10T03:14:15.221337+00:00
2021-10-19,^KS200,395.410004,yahoo,KRW,2026-06-10T03:14:15.221337+00:00
2021-10-20,^KS200,393.73999,yahoo,KRW,2026-06-10T03:14:15.221337+00:00
2021-10-21,^KS200,393.179993,yahoo,KRW,2026-06-10T03:14:15.221337+00:00
2021-10-22,^KS200,393.339996,yahoo,KRW,2026-06-10T03:14:15.221337+00:00
2021-10-25,^KS200,395.01001,yahoo,KRW,2026-06-10T03:14:15.221337+00:00
2021-10-26,^KS200,399.070007,yahoo,KRW,2026-06-10T03:14:15.221337+00:00
2021-10-27,^KS200,395.480011,yahoo,KRW,2026-06-10T03:14:15.221337+00:00
2021-10-28,^KS200,393.890015,yahoo,KRW,2026-06-10T03:14:15.221337+00:00
2021-10-29,^KS200,388.470001,yahoo,KRW,2026-06-10T03:14:15.221337+00:00
2021-11-01,^KS200,389.809998,yahoo,KRW,2026-06-10T03:14:15.221337+00:00
2021-11-02,^KS200,394.820007,yahoo,KRW,2026-06-10T03:14:15.221337+00:00
2021-11-03,^KS200,389.480011,yahoo,KRW,2026-06-10T03:14:15.221337+00:00
2021-11-04,^KS200,391.540009,yahoo,KRW,2026-06-10T03:14:15.221337+00:00
2021-11-05,^KS200,389.859985,yahoo,KRW,2026-06-10T03:14:15.221337+00:00
2021-11-08,^KS200,389.589996,yahoo,KRW,2026-06-10T03:14:15.221337+00:00
2021-11-09,^KS200,390.359985,yahoo,KRW,2026-06-10T03:14:15.221337+00:00
2021-11-10,^KS200,386.23999,yahoo,KRW,2026-06-10T03:14:15.221337+00:00
2021-11-11,^KS200,385.970001,yahoo,KRW,2026-06-10T03:14:15.221337+00:00
2021-11-12,^KS200,390.380005,yahoo,KRW,2026-06-10T03:14:15.221337+00:00
2021-11-15,^KS200,394.359985,yahoo,KRW,2026-06-10T03:14:15.221337+00:00
2021-11-16,^KS200,394.070007,yahoo,KRW,2026-06-10T03:14:15.221337+00:00
2021-11-17,^KS200,389.440002,yahoo,KRW,2026-06-10T03:14:15.221337+00:00
2021-11-18,^KS200,387.440002,yahoo,KRW,2026-06-10T03:14:15.221337+00:00
2021-11-19,^KS200,390.529999,yahoo,KRW,2026-06-10T03:14:15.221337+00:00
2021-11-22,^KS200,399.070007,yahoo,KRW,2026-06-10T03:14:15.221337+00:00
2021-11-23,^KS200,396.440002,yahoo,KRW,2026-06-10T03:14:15.221337+00:00
2021-11-24,^KS200,395.399994,yahoo,KRW,2026-06-10T03:14:15.221337+00:00
2021-11-25,^KS200,391.929993,yahoo,KRW,2026-06-10T03:14:15.221337+00:00
2021-11-26,^KS200,385.070007,yahoo,KRW,2026-06-10T03:14:15.221337+00:00
2021-11-29,^KS200,381.630005,yahoo,KRW,2026-06-10T03:14:15.221337+00:00
2021-11-30,^KS200,373.23999,yahoo,KRW,2026-06-10T03:14:15.221337+00:00
2021-12-01,^KS200,383.130005,yahoo,KRW,2026-06-10T03:14:15.221337+00:00
2021-12-02,^KS200,389.640015,yahoo,KRW,2026-06-10T03:14:15.221337+00:00
2021-12-03,^KS200,391.959991,yahoo,KRW,2026-06-10T03:14:15.221337+00:00
2021-12-06,^KS200,392.850006,yahoo,KRW,2026-06-10T03:14:15.221337+00:00
2021-12-07,^KS200,396.309998,yahoo,KRW,2026-06-10T03:14:15.221337+00:00
2021-12-08,^KS200,397.269989,yahoo,KRW,2026-06-10T03:14:15.221337+00:00
2021-12-09,^KS200,401.130005,yahoo,KRW,2026-06-10T03:14:15.221337+00:00
2021-12-10,^KS200,397.970001,yahoo,KRW,2026-06-10T03:14:15.221337+00:00
2021-12-13,^KS200,397.269989,yahoo,KRW,2026-06-10T03:14:15.221337+00:00
2021-12-14,^KS200,395.410004,yahoo,KRW,2026-06-10T03:14:15.221337+00:00
2021-12-15,^KS200,395.660004,yahoo,KRW,2026-06-10T03:14:15.221337+00:00
2021-12-16,^KS200,397.679993,yahoo,KRW,2026-06-10T03:14:15.221337+00:00
2021-12-17,^KS200,398.959991,yahoo,KRW,2026-06-10T03:14:15.221337+00:00
2021-12-20,^KS200,391.369995,yahoo,KRW,2026-06-10T03:14:15.221337+00:00
2021-12-21,^KS200,393.950012,yahoo,KRW,2026-06-10T03:14:15.221337+00:00
2021-12-22,^KS200,396.070007,yahoo,KRW,2026-06-10T03:14:15.221337+00:00
2021-12-23,^KS200,398.149994,yahoo,KRW,2026-06-10T03:14:15.221337+00:00
2021-12-24,^KS200,400.529999,yahoo,KRW,2026-06-10T03:14:15.221337+00:00
2021-12-27,^KS200,398.609985,yahoo,KRW,2026-06-10T03:14:15.221337+00:00
2021-12-28,^KS200,401.209991,yahoo,KRW,2026-06-10T03:14:15.221337+00:00
2021-12-29,^KS200,396.720001,yahoo,KRW,2026-06-10T03:14:15.221337+00:00
2021-12-30,^KS200,394.190002,yahoo,KRW,2026-06-10T03:14:15.221337+00:00
2022-01-04,^KS200,395.399994,yahoo,KRW,2026-06-10T03:14:15.221337+00:00
2022-01-05,^KS200,390.390015,yahoo,KRW,2026-06-10T03:14:15.221337+00:00
2022-01-06,^KS200,386.220001,yahoo,KRW,2026-06-10T03:14:15.221337+00:00
2022-01-07,^KS200,390.850006,yahoo,KRW,2026-06-10T03:14:15.221337+00:00
2022-01-10,^KS200,387.519989,yahoo,KRW,2026-06-10T03:14:15.221337+00:00
2022-01-11,^KS200,388.970001,yahoo,KRW,2026-06-10T03:14:15.221337+00:00
2022-01-12,^KS200,394.660004,yahoo,KRW,2026-06-10T03:14:15.221337+00:00
2022-01-13,^KS200,393.0,yahoo,KRW,2026-06-10T03:14:15.221337+00:00
2022-01-14,^KS200,387.450012,yahoo,KRW,2026-06-10T03:14:15.221337+00:00
2022-01-17,^KS200,383.809998,yahoo,KRW,2026-06-10T03:14:15.221337+00:00
2022-01-18,^KS200,381.01001,yahoo,KRW,2026-06-10T03:14:15.221337+00:00
2022-01-19,^KS200,378.209991,yahoo,KRW,2026-06-10T03:14:15.221337+00:00
2022-01-20,^KS200,380.390015,yahoo,KRW,2026-06-10T03:14:15.221337+00:00
2022-01-21,^KS200,376.079987,yahoo,KRW,2026-06-10T03:14:15.221337+00:00
2022-01-24,^KS200,371.299988,yahoo,KRW,2026-06-10T03:14:15.221337+00:00
2022-01-25,^KS200,362.390015,yahoo,KRW,2026-06-10T03:14:15.221337+00:00
2022-01-26,^KS200,360.829987,yahoo,KRW,2026-06-10T03:14:15.221337+00:00
2022-01-27,^KS200,348.579987,yahoo,KRW,2026-06-10T03:14:15.221337+00:00
2022-01-28,^KS200,357.980011,yahoo,KRW,2026-06-10T03:14:15.221337+00:00
2022-02-03,^KS200,361.600006,yahoo,KRW,2026-06-10T03:14:15.221337+00:00
2022-02-04,^KS200,366.339996,yahoo,KRW,2026-06-10T03:14:15.221337+00:00
2022-02-07,^KS200,362.920013,yahoo,KRW,2026-06-10T03:14:15.221337+00:00
2022-02-08,^KS200,363.480011,yahoo,KRW,2026-06-10T03:14:15.221337+00:00
2022-02-09,^KS200,368.649994,yahoo,KRW,2026-06-10T03:14:15.221337+00:00
2022-02-10,^KS200,371.570007,yahoo,KRW,2026-06-10T03:14:15.221337+00:00
2022-02-11,^KS200,368.609985,yahoo,KRW,2026-06-10T03:14:15.221337+00:00
2022-02-14,^KS200,362.980011,yahoo,KRW,2026-06-10T03:14:15.221337+00:00
2022-02-15,^KS200,360.429993,yahoo,KRW,2026-06-10T03:14:15.221337+00:00
2022-02-16,^KS200,367.299988,yahoo,KRW,2026-06-10T03:14:15.221337+00:00
2022-02-17,^KS200,369.549988,yahoo,KRW,2026-06-10T03:14:15.221337+00:00
2022-02-18,^KS200,368.549988,yahoo,KRW,2026-06-10T03:14:15.221337+00:00
2022-02-21,^KS200,368.290009,yahoo,KRW,2026-06-10T03:14:15.221337+00:00
2022-02-22,^KS200,363.51001,yahoo,KRW,2026-06-10T03:14:15.221337+00:00
2022-02-23,^KS200,364.440002,yahoo,KRW,2026-06-10T03:14:15.221337+00:00
2022-02-24,^KS200,355.040009,yahoo,KRW,2026-06-10T03:14:15.221337+00:00
2022-02-25,^KS200,358.440002,yahoo,KRW,2026-06-10T03:14:15.221337+00:00
2022-02-28,^KS200,361.540009,yahoo,KRW,2026-06-10T03:14:15.221337+00:00
2022-03-02,^KS200,360.589996,yahoo,KRW,2026-06-10T03:14:15.221337+00:00
2022-03-03,^KS200,367.059998,yahoo,KRW,2026-06-10T03:14:15.221337+00:00
2022-03-04,^KS200,361.690002,yahoo,KRW,2026-06-10T03:14:15.221337+00:00
2022-03-07,^KS200,353.029999,yahoo,KRW,2026-06-10T03:14:15.221337+00:00
2022-03-08,^KS200,349.380005,yahoo,KRW,2026-06-10T03:14:15.221337+00:00
2022-03-10,^KS200,358.01001,yahoo,KRW,2026-06-10T03:14:15.221337+00:00
2022-03-11,^KS200,355.309998,yahoo,KRW,2026-06-10T03:14:15.221337+00:00
2022-03-14,^KS200,354.609985,yahoo,KRW,2026-06-10T03:14:15.221337+00:00
2022-03-15,^KS200,351.029999,yahoo,KRW,2026-06-10T03:14:15.221337+00:00
2022-03-16,^KS200,356.089996,yahoo,KRW,2026-06-10T03:14:15.221337+00:00
2022-03-17,^KS200,361.459991,yahoo,KRW,2026-06-10T03:14:15.221337+00:00
2022-03-18,^KS200,362.329987,yahoo,KRW,2026-06-10T03:14:15.221337+00:00
2022-03-21,^KS200,358.769989,yahoo,KRW,2026-06-10T03:14:15.221337+00:00
2022-03-22,^KS200,361.660004,yahoo,KRW,2026-06-10T03:14:15.221337+00:00
2022-03-23,^KS200,364.839996,yahoo,KRW,2026-06-10T03:14:15.221337+00:00
2022-03-24,^KS200,363.380005,yahoo,KRW,2026-06-10T03:14:15.221337+00:00
2022-03-25,^KS200,362.059998,yahoo,KRW,2026-06-10T03:14:15.221337+00:00
2022-03-28,^KS200,362.059998,yahoo,KRW,2026-06-10T03:14:15.221337+00:00
2022-03-29,^KS200,363.769989,yahoo,KRW,2026-06-10T03:14:15.221337+00:00
2022-03-30,^KS200,364.5,yahoo,KRW,2026-06-10T03:14:15.221337+00:00
2022-03-31,^KS200,365.609985,yahoo,KRW,2026-06-10T03:14:15.221337+00:00
2022-04-01,^KS200,363.190002,yahoo,KRW,2026-06-10T03:14:15.221337+00:00
2022-04-04,^KS200,364.940002,yahoo,KRW,2026-06-10T03:14:15.221337+00:00
2022-04-05,^KS200,364.73999,yahoo,KRW,2026-06-10T03:14:15.221337+00:00
2022-04-06,^KS200,361.01001,yahoo,KRW,2026-06-10T03:14:15.221337+00:00
2022-04-07,^KS200,355.730011,yahoo,KRW,2026-06-10T03:14:15.221337+00:00
2022-04-08,^KS200,356.01001,yahoo,KRW,2026-06-10T03:14:15.221337+00:00
2022-04-11,^KS200,355.779999,yahoo,KRW,2026-06-10T03:14:15.221337+00:00
2022-04-12,^KS200,352.320007,yahoo,KRW,2026-06-10T03:14:15.221337+00:00
2022-04-13,^KS200,359.0,yahoo,KRW,2026-06-10T03:14:15.221337+00:00
2022-04-14,^KS200,357.380005,yahoo,KRW,2026-06-10T03:14:15.221337+00:00
2022-04-15,^KS200,353.839996,yahoo,KRW,2026-06-10T03:14:15.221337+00:00
2022-04-18,^KS200,353.630005,yahoo,KRW,2026-06-10T03:14:15.221337+00:00
2022-04-19,^KS200,357.359985,yahoo,KRW,2026-06-10T03:14:15.221337+00:00
2022-04-20,^KS200,357.519989,yahoo,KRW,2026-06-10T03:14:15.221337+00:00
2022-04-21,^KS200,359.019989,yahoo,KRW,2026-06-10T03:14:15.221337+00:00
2022-04-22,^KS200,355.429993,yahoo,KRW,2026-06-10T03:14:15.221337+00:00
2022-04-25,^KS200,348.980011,yahoo,KRW,2026-06-10T03:14:15.221337+00:00
2022-04-26,^KS200,350.670013,yahoo,KRW,2026-06-10T03:14:15.221337+00:00
2022-04-27,^KS200,346.209991,yahoo,KRW,2026-06-10T03:14:15.221337+00:00
2022-04-28,^KS200,350.160004,yahoo,KRW,2026-06-10T03:14:15.221337+00:00
2022-04-29,^KS200,355.079987,yahoo,KRW,2026-06-10T03:14:15.221337+00:00
2022-05-02,^KS200,354.019989,yahoo,KRW,2026-06-10T03:14:15.221337+00:00
2022-05-03,^KS200,353.320007,yahoo,KRW,2026-06-10T03:14:15.221337+00:00
2022-05-04,^KS200,353.850006,yahoo,KRW,2026-06-10T03:14:15.221337+00:00
2022-05-06,^KS200,349.0,yahoo,KRW,2026-06-10T03:14:15.221337+00:00
2022-05-10,^KS200,343.670013,yahoo,KRW,2026-06-10T03:14:15.221337+00:00
2022-05-11,^KS200,343.440002,yahoo,KRW,2026-06-10T03:14:15.221337+00:00
2022-05-12,^KS200,337.940002,yahoo,KRW,2026-06-10T03:14:15.221337+00:00
2022-05-13,^KS200,345.5,yahoo,KRW,2026-06-10T03:14:15.221337+00:00
2022-05-16,^KS200,343.940002,yahoo,KRW,2026-06-10T03:14:15.221337+00:00
2022-05-17,^KS200,347.529999,yahoo,KRW,2026-06-10T03:14:15.221337+00:00
2022-05-18,^KS200,348.339996,yahoo,KRW,2026-06-10T03:14:15.221337+00:00
2022-05-19,^KS200,343.23999,yahoo,KRW,2026-06-10T03:14:15.221337+00:00
2022-05-20,^KS200,349.290009,yahoo,KRW,2026-06-10T03:14:15.221337+00:00
2022-05-23,^KS200,350.339996,yahoo,KRW,2026-06-10T03:14:15.221337+00:00
2022-05-24,^KS200,344.079987,yahoo,KRW,2026-06-10T03:14:15.221337+00:00
2022-05-25,^KS200,345.600006,yahoo,KRW,2026-06-10T03:14:15.221337+00:00
2022-05-26,^KS200,344.26001,yahoo,KRW,2026-06-10T03:14:15.221337+00:00
2022-05-27,^KS200,348.040009,yahoo,KRW,2026-06-10T03:14:15.221337+00:00
2022-05-30,^KS200,352.48999,yahoo,KRW,2026-06-10T03:14:15.221337+00:00
2022-05-31,^KS200,354.540009,yahoo,KRW,2026-06-10T03:14:15.221337+00:00
2022-06-02,^KS200,350.51001,yahoo,KRW,2026-06-10T03:14:15.221337+00:00
2022-06-03,^KS200,352.01001,yahoo,KRW,2026-06-10T03:14:15.221337+00:00
2022-06-07,^KS200,345.670013,yahoo,KRW,2026-06-10T03:14:15.221337+00:00
2022-06-08,^KS200,346.220001,yahoo,KRW,2026-06-10T03:14:15.221337+00:00
2022-06-09,^KS200,346.619995,yahoo,KRW,2026-06-10T03:14:15.221337+00:00
2022-06-10,^KS200,341.890015,yahoo,KRW,2026-06-10T03:14:15.221337+00:00
2022-06-13,^KS200,329.880005,yahoo,KRW,2026-06-10T03:14:15.221337+00:00
2022-06-14,^KS200,328.230011,yahoo,KRW,2026-06-10T03:14:15.221337+00:00
2022-06-15,^KS200,322.209991,yahoo,KRW,2026-06-10T03:14:15.221337+00:00
2022-06-16,^KS200,322.25,yahoo,KRW,2026-06-10T03:14:15.221337+00:00
2022-06-17,^KS200,320.089996,yahoo,KRW,2026-06-10T03:14:15.221337+00:00
2022-06-20,^KS200,314.440002,yahoo,KRW,2026-06-10T03:14:15.221337+00:00
2022-06-21,^KS200,316.380005,yahoo,KRW,2026-06-10T03:14:15.221337+00:00
2022-06-22,^KS200,308.079987,yahoo,KRW,2026-06-10T03:14:15.221337+00:00
2022-06-23,^KS200,305.450012,yahoo,KRW,2026-06-10T03:14:15.221337+00:00
2022-06-24,^KS200,312.070007,yahoo,KRW,2026-06-10T03:14:15.221337+00:00
2022-06-27,^KS200,316.200012,yahoo,KRW,2026-06-10T03:14:15.221337+00:00
2022-06-28,^KS200,319.109985,yahoo,KRW,2026-06-10T03:14:15.221337+00:00
2022-06-29,^KS200,312.859985,yahoo,KRW,2026-06-10T03:14:15.221337+00:00
2022-06-30,^KS200,307.200012,yahoo,KRW,2026-06-10T03:14:15.221337+00:00
2022-07-01,^KS200,304.019989,yahoo,KRW,2026-06-10T03:14:15.221337+00:00
2022-07-04,^KS200,304.01001,yahoo,KRW,2026-06-10T03:14:15.221337+00:00
2022-07-05,^KS200,309.029999,yahoo,KRW,2026-06-10T03:14:15.221337+00:00
2022-07-06,^KS200,302.279999,yahoo,KRW,2026-06-10T03:14:15.221337+00:00
2022-07-07,^KS200,308.309998,yahoo,KRW,2026-06-10T03:14:15.221337+00:00
2022-07-08,^KS200,310.149994,yahoo,KRW,2026-06-10T03:14:15.221337+00:00
2022-07-11,^KS200,308.290009,yahoo,KRW,2026-06-10T03:14:15.221337+00:00
2022-07-12,^KS200,305.029999,yahoo,KRW,2026-06-10T03:14:15.221337+00:00
2022-07-13,^KS200,306.589996,yahoo,KRW,2026-06-10T03:14:15.221337+00:00
2022-07-14,^KS200,305.350006,yahoo,KRW,2026-06-10T03:14:15.221337+00:00
2022-07-15,^KS200,307.910004,yahoo,KRW,2026-06-10T03:14:15.221337+00:00
2022-07-18,^KS200,314.869995,yahoo,KRW,2026-06-10T03:14:15.221337+00:00
2022-07-19,^KS200,313.899994,yahoo,KRW,2026-06-10T03:14:15.221337+00:00
2022-07-20,^KS200,316.019989,yahoo,KRW,2026-06-10T03:14:15.221337+00:00
2022-07-21,^KS200,319.679993,yahoo,KRW,2026-06-10T03:14:15.221337+00:00
2022-07-22,^KS200,317.329987,yahoo,KRW,2026-06-10T03:14:15.221337+00:00
2022-07-25,^KS200,318.339996,yahoo,KRW,2026-06-10T03:14:15.221337+00:00
2022-07-26,^KS200,319.609985,yahoo,KRW,2026-06-10T03:14:15.221337+00:00
2022-07-27,^KS200,319.73999,yahoo,KRW,2026-06-10T03:14:15.221337+00:00
2022-07-28,^KS200,321.619995,yahoo,KRW,2026-06-10T03:14:15.221337+00:00
2022-07-29,^KS200,323.309998,yahoo,KRW,2026-06-10T03:14:15.221337+00:00
2022-08-01,^KS200,322.970001,yahoo,KRW,2026-06-10T03:14:15.221337+00:00
2022-08-02,^KS200,321.640015,yahoo,KRW,2026-06-10T03:14:15.221337+00:00
2022-08-03,^KS200,323.799988,yahoo,KRW,2026-06-10T03:14:15.221337+00:00
2022-08-04,^KS200,325.470001,yahoo,KRW,2026-06-10T03:14:15.221337+00:00
2022-08-05,^KS200,327.5,yahoo,KRW,2026-06-10T03:14:15.221337+00:00
2022-08-08,^KS200,327.230011,yahoo,KRW,2026-06-10T03:14:15.221337+00:00
2022-08-09,^KS200,328.109985,yahoo,KRW,2026-06-10T03:14:15.221337+00:00
2022-08-10,^KS200,324.350006,yahoo,KRW,2026-06-10T03:14:15.221337+00:00
2022-08-11,^KS200,329.920013,yahoo,KRW,2026-06-10T03:14:15.221337+00:00
2022-08-12,^KS200,330.670013,yahoo,KRW,2026-06-10T03:14:15.221337+00:00
2022-08-16,^KS200,331.779999,yahoo,KRW,2026-06-10T03:14:15.221337+00:00
2022-08-17,^KS200,329.910004,yahoo,KRW,2026-06-10T03:14:15.221337+00:00
2022-08-18,^KS200,328.799988,yahoo,KRW,2026-06-10T03:14:15.221337+00:00
2022-08-19,^KS200,326.790009,yahoo,KRW,2026-06-10T03:14:15.221337+00:00
2022-08-22,^KS200,322.769989,yahoo,KRW,2026-06-10T03:14:15.221337+00:00
2022-08-23,^KS200,318.690002,yahoo,KRW,2026-06-10T03:14:15.221337+00:00
2022-08-24,^KS200,319.859985,yahoo,KRW,2026-06-10T03:14:15.221337+00:00
2022-08-25,^KS200,323.630005,yahoo,KRW,2026-06-10T03:14:15.221337+00:00
2022-08-26,^KS200,323.910004,yahoo,KRW,2026-06-10T03:14:15.221337+00:00
2022-08-29,^KS200,316.350006,yahoo,KRW,2026-06-10T03:14:15.221337+00:00
2022-08-30,^KS200,319.48999,yahoo,KRW,2026-06-10T03:14:15.221337+00:00
2022-08-31,^KS200,322.959991,yahoo,KRW,2026-06-10T03:14:15.221337+00:00
2022-09-01,^KS200,315.019989,yahoo,KRW,2026-06-10T03:14:15.221337+00:00
2022-09-02,^KS200,312.920013,yahoo,KRW,2026-06-10T03:14:15.221337+00:00
2022-09-05,^KS200,312.470001,yahoo,KRW,2026-06-10T03:14:15.221337+00:00
2022-09-06,^KS200,313.01001,yahoo,KRW,2026-06-10T03:14:15.221337+00:00
2022-09-07,^KS200,308.160004,yahoo,KRW,2026-06-10T03:14:15.221337+00:00
2022-09-08,^KS200,309.119995,yahoo,KRW,2026-06-10T03:14:15.221337+00:00
2022-09-13,^KS200,318.559998,yahoo,KRW,2026-06-10T03:14:15.221337+00:00
2022-09-14,^KS200,312.73999,yahoo,KRW,2026-06-10T03:14:15.221337+00:00
2022-09-15,^KS200,310.630005,yahoo,KRW,2026-06-10T03:14:15.221337+00:00
2022-09-16,^KS200,308.690002,yahoo,KRW,2026-06-10T03:14:15.221337+00:00
2022-09-19,^KS200,306.48999,yahoo,KRW,2026-06-10T03:14:15.221337+00:00
2022-09-20,^KS200,307.540009,yahoo,KRW,2026-06-10T03:14:15.221337+00:00
2022-09-21,^KS200,304.670013,yahoo,KRW,2026-06-10T03:14:15.221337+00:00
2022-09-22,^KS200,301.649994,yahoo,KRW,2026-06-10T03:14:15.221337+00:00
2022-09-23,^KS200,297.73999,yahoo,KRW,2026-06-10T03:14:15.221337+00:00
2022-09-26,^KS200,289.769989,yahoo,KRW,2026-06-10T03:14:15.221337+00:00
2022-09-27,^KS200,290.200012,yahoo,KRW,2026-06-10T03:14:15.221337+00:00
2022-09-28,^KS200,283.190002,yahoo,KRW,2026-06-10T03:14:15.221337+00:00
2022-09-29,^KS200,282.649994,yahoo,KRW,2026-06-10T03:14:15.221337+00:00
2022-09-30,^KS200,281.359985,yahoo,KRW,2026-06-10T03:14:15.221337+00:00
2022-10-04,^KS200,288.269989,yahoo,KRW,2026-06-10T03:14:15.221337+00:00
2022-10-05,^KS200,289.049988,yahoo,KRW,2026-06-10T03:14:15.221337+00:00
2022-10-06,^KS200,291.26001,yahoo,KRW,2026-06-10T03:14:15.221337+00:00
2022-10-07,^KS200,290.410004,yahoo,KRW,2026-06-10T03:14:15.221337+00:00
2022-10-11,^KS200,284.959991,yahoo,KRW,2026-06-10T03:14:15.221337+00:00
2022-10-12,^KS200,287.089996,yahoo,KRW,2026-06-10T03:14:15.221337+00:00
2022-10-13,^KS200,282.570007,yahoo,KRW,2026-06-10T03:14:15.221337+00:00
2022-10-14,^KS200,289.359985,yahoo,KRW,2026-06-10T03:14:15.221337+00:00
2022-10-17,^KS200,289.570007,yahoo,KRW,2026-06-10T03:14:15.221337+00:00
2022-10-18,^KS200,293.589996,yahoo,KRW,2026-06-10T03:14:15.221337+00:00
2022-10-19,^KS200,291.290009,yahoo,KRW,2026-06-10T03:14:15.221337+00:00
2022-10-20,^KS200,288.609985,yahoo,KRW,2026-06-10T03:14:15.221337+00:00
2022-10-21,^KS200,288.570007,yahoo,KRW,2026-06-10T03:14:15.221337+00:00
2022-10-24,^KS200,291.470001,yahoo,KRW,2026-06-10T03:14:15.221337+00:00
2022-10-25,^KS200,291.579987,yahoo,KRW,2026-06-10T03:14:15.221337+00:00
2022-10-26,^KS200,293.850006,yahoo,KRW,2026-06-10T03:14:15.221337+00:00
2022-10-27,^KS200,298.820007,yahoo,KRW,2026-06-10T03:14:15.221337+00:00
2022-10-28,^KS200,295.059998,yahoo,KRW,2026-06-10T03:14:15.221337+00:00
2022-10-31,^KS200,299.579987,yahoo,KRW,2026-06-10T03:14:15.221337+00:00
2022-11-01,^KS200,303.880005,yahoo,KRW,2026-06-10T03:14:15.221337+00:00
2022-11-02,^KS200,303.869995,yahoo,KRW,2026-06-10T03:14:15.221337+00:00
2022-11-03,^KS200,301.660004,yahoo,KRW,2026-06-10T03:14:15.221337+00:00
2022-11-04,^KS200,304.329987,yahoo,KRW,2026-06-10T03:14:15.221337+00:00
2022-11-07,^KS200,307.869995,yahoo,KRW,2026-06-10T03:14:15.221337+00:00
2022-11-08,^KS200,312.01001,yahoo,KRW,2026-06-10T03:14:15.221337+00:00
2022-11-09,^KS200,315.230011,yahoo,KRW,2026-06-10T03:14:15.221337+00:00
2022-11-10,^KS200,311.130005,yahoo,KRW,2026-06-10T03:14:15.221337+00:00
2022-11-11,^KS200,323.089996,yahoo,KRW,2026-06-10T03:14:15.221337+00:00
2022-11-14,^KS200,321.529999,yahoo,KRW,2026-06-10T03:14:15.221337+00:00
2022-11-15,^KS200,322.309998,yahoo,KRW,2026-06-10T03:14:15.221337+00:00
2022-11-16,^KS200,321.959991,yahoo,KRW,2026-06-10T03:14:15.221337+00:00
2022-11-17,^KS200,316.75,yahoo,KRW,2026-06-10T03:14:15.221337+00:00
2022-11-18,^KS200,317.119995,yahoo,KRW,2026-06-10T03:14:15.221337+00:00
2022-11-21,^KS200,314.670013,yahoo,KRW,2026-06-10T03:14:15.221337+00:00
2022-11-22,^KS200,312.019989,yahoo,KRW,2026-06-10T03:14:15.221337+00:00
2022-11-23,^KS200,314.109985,yahoo,KRW,2026-06-10T03:14:15.221337+00:00
2022-11-24,^KS200,317.299988,yahoo,KRW,2026-06-10T03:14:15.221337+00:00
2022-11-25,^KS200,316.070007,yahoo,KRW,2026-06-10T03:14:15.221337+00:00
2022-11-28,^KS200,312.209991,yahoo,KRW,2026-06-10T03:14:15.221337+00:00
2022-11-29,^KS200,315.579987,yahoo,KRW,2026-06-10T03:14:15.221337+00:00
2022-11-30,^KS200,321.0,yahoo,KRW,2026-06-10T03:14:15.221337+00:00
2022-12-01,^KS200,322.019989,yahoo,KRW,2026-06-10T03:14:15.221337+00:00
2022-12-02,^KS200,315.019989,yahoo,KRW,2026-06-10T03:14:15.221337+00:00
2022-12-05,^KS200,313.910004,yahoo,KRW,2026-06-10T03:14:15.221337+00:00
2022-12-06,^KS200,310.140015,yahoo,KRW,2026-06-10T03:14:15.221337+00:00
2022-12-07,^KS200,308.269989,yahoo,KRW,2026-06-10T03:14:15.221337+00:00
2022-12-08,^KS200,308.23999,yahoo,KRW,2026-06-10T03:14:15.221337+00:00
2022-12-09,^KS200,311.630005,yahoo,KRW,2026-06-10T03:14:15.221337+00:00
2022-12-12,^KS200,309.640015,yahoo,KRW,2026-06-10T03:14:15.221337+00:00
2022-12-13,^KS200,309.559998,yahoo,KRW,2026-06-10T03:14:15.221337+00:00
2022-12-14,^KS200,313.230011,yahoo,KRW,2026-06-10T03:14:15.221337+00:00
2022-12-15,^KS200,307.730011,yahoo,KRW,2026-06-10T03:14:15.221337+00:00
2022-12-16,^KS200,307.480011,yahoo,KRW,2026-06-10T03:14:15.221337+00:00
2022-12-19,^KS200,306.769989,yahoo,KRW,2026-06-10T03:14:15.221337+00:00
2022-12-20,^KS200,304.049988,yahoo,KRW,2026-06-10T03:14:15.221337+00:00
2022-12-21,^KS200,303.230011,yahoo,KRW,2026-06-10T03:14:15.221337+00:00
2022-12-22,^KS200,307.480011,yahoo,KRW,2026-06-10T03:14:15.221337+00:00
2022-12-23,^KS200,302.070007,yahoo,KRW,2026-06-10T03:14:15.221337+00:00
2022-12-26,^KS200,302.269989,yahoo,KRW,2026-06-10T03:14:15.221337+00:00
2022-12-27,^KS200,304.220001,yahoo,KRW,2026-06-10T03:14:15.221337+00:00
2022-12-28,^KS200,297.089996,yahoo,KRW,2026-06-10T03:14:15.221337+00:00
2022-12-29,^KS200,291.100006,yahoo,KRW,2026-06-10T03:14:15.221337+00:00
2023-01-02,^KS200,289.790009,yahoo,KRW,2026-06-10T03:14:15.221337+00:00
2023-01-03,^KS200,289.579987,yahoo,KRW,2026-06-10T03:14:15.221337+00:00
2023-01-04,^KS200,295.980011,yahoo,KRW,2026-06-10T03:14:15.221337+00:00
2023-01-05,^KS200,297.869995,yahoo,KRW,2026-06-10T03:14:15.221337+00:00
2023-01-06,^KS200,301.529999,yahoo,KRW,2026-06-10T03:14:15.221337+00:00
2023-01-09,^KS200,309.690002,yahoo,KRW,2026-06-10T03:14:15.221337+00:00
2023-01-10,^KS200,309.570007,yahoo,KRW,2026-06-10T03:14:15.221337+00:00
2023-01-11,^KS200,310.380005,yahoo,KRW,2026-06-10T03:14:15.221337+00:00
2023-01-12,^KS200,310.700012,yahoo,KRW,2026-06-10T03:14:15.221337+00:00
2023-01-13,^KS200,313.769989,yahoo,KRW,2026-06-10T03:14:15.221337+00:00
2023-01-16,^KS200,316.040009,yahoo,KRW,2026-06-10T03:14:15.221337+00:00
2023-01-17,^KS200,313.75,yahoo,KRW,2026-06-10T03:14:15.221337+00:00
2023-01-18,^KS200,311.910004,yahoo,KRW,2026-06-10T03:14:15.221337+00:00
2023-01-19,^KS200,313.809998,yahoo,KRW,2026-06-10T03:14:15.221337+00:00
2023-01-20,^KS200,315.579987,yahoo,KRW,2026-06-10T03:14:15.221337+00:00
2023-01-25,^KS200,320.76001,yahoo,KRW,2026-06-10T03:14:15.221337+00:00
2023-01-26,^KS200,325.570007,yahoo,KRW,2026-06-10T03:14:15.221337+00:00
2023-01-27,^KS200,327.980011,yahoo,KRW,2026-06-10T03:14:15.221337+00:00
2023-01-30,^KS200,322.670013,yahoo,KRW,2026-06-10T03:14:15.221337+00:00
2023-01-31,^KS200,317.26001,yahoo,KRW,2026-06-10T03:14:15.221337+00:00
2023-02-01,^KS200,321.190002,yahoo,KRW,2026-06-10T03:14:15.221337+00:00
2023-02-02,^KS200,323.929993,yahoo,KRW,2026-06-10T03:14:15.221337+00:00
2023-02-03,^KS200,325.859985,yahoo,KRW,2026-06-10T03:14:15.221337+00:00
2023-02-06,^KS200,318.829987,yahoo,KRW,2026-06-10T03:14:15.221337+00:00
2023-02-07,^KS200,320.549988,yahoo,KRW,2026-06-10T03:14:15.221337+00:00
2023-02-08,^KS200,325.630005,yahoo,KRW,2026-06-10T03:14:15.221337+00:00
2023-02-09,^KS200,324.899994,yahoo,KRW,2026-06-10T03:14:15.221337+00:00
2023-02-10,^KS200,323.690002,yahoo,KRW,2026-06-10T03:14:15.221337+00:00
2023-02-13,^KS200,321.75,yahoo,KRW,2026-06-10T03:14:15.221337+00:00
2023-02-14,^KS200,323.470001,yahoo,KRW,2026-06-10T03:14:15.221337+00:00
2023-02-15,^KS200,317.98999,yahoo,KRW,2026-06-10T03:14:15.221337+00:00
2023-02-16,^KS200,324.100006,yahoo,KRW,2026-06-10T03:14:15.221337+00:00
2023-02-17,^KS200,320.779999,yahoo,KRW,2026-06-10T03:14:15.221337+00:00
2023-02-20,^KS200,321.790009,yahoo,KRW,2026-06-10T03:14:15.221337+00:00
2023-02-21,^KS200,321.559998,yahoo,KRW,2026-06-10T03:14:15.221337+00:00
2023-02-22,^KS200,315.940002,yahoo,KRW,2026-06-10T03:14:15.221337+00:00
2023-02-23,^KS200,319.440002,yahoo,KRW,2026-06-10T03:14:15.221337+00:00
2023-02-24,^KS200,316.940002,yahoo,KRW,2026-06-10T03:14:15.221337+00:00
2023-02-27,^KS200,313.940002,yahoo,KRW,2026-06-10T03:14:15.221337+00:00
2023-02-28,^KS200,314.799988,yahoo,KRW,2026-06-10T03:14:15.221337+00:00
2023-03-02,^KS200,316.26001,yahoo,KRW,2026-06-10T03:14:15.221337+00:00
2023-03-03,^KS200,316.359985,yahoo,KRW,2026-06-10T03:14:15.221337+00:00
2023-03-06,^KS200,320.940002,yahoo,KRW,2026-06-10T03:14:15.221337+00:00
2023-03-07,^KS200,319.799988,yahoo,KRW,2026-06-10T03:14:15.221337+00:00
2023-03-08,^KS200,315.380005,yahoo,KRW,2026-06-10T03:14:15.221337+00:00
2023-03-09,^KS200,314.040009,yahoo,KRW,2026-06-10T03:14:15.221337+00:00
2023-03-10,^KS200,310.649994,yahoo,KRW,2026-06-10T03:14:15.221337+00:00
2023-03-13,^KS200,313.209991,yahoo,KRW,2026-06-10T03:14:15.221337+00:00
2023-03-14,^KS200,305.579987,yahoo,KRW,2026-06-10T03:14:15.221337+00:00
2023-03-15,^KS200,309.100006,yahoo,KRW,2026-06-10T03:14:15.221337+00:00
2023-03-16,^KS200,308.390015,yahoo,KRW,2026-06-10T03:14:15.221337+00:00
2023-03-17,^KS200,312.070007,yahoo,KRW,2026-06-10T03:14:15.221337+00:00
2023-03-20,^KS200,309.48999,yahoo,KRW,2026-06-10T03:14:15.221337+00:00
2023-03-21,^KS200,310.359985,yahoo,KRW,2026-06-10T03:14:15.221337+00:00
2023-03-22,^KS200,314.109985,yahoo,KRW,2026-06-10T03:14:15.221337+00:00
2023-03-23,^KS200,315.75,yahoo,KRW,2026-06-10T03:14:15.221337+00:00
2023-03-24,^KS200,314.299988,yahoo,KRW,2026-06-10T03:14:15.221337+00:00
2023-03-27,^KS200,312.850006,yahoo,KRW,2026-06-10T03:14:15.221337+00:00
2023-03-28,^KS200,316.359985,yahoo,KRW,2026-06-10T03:14:15.221337+00:00
2023-03-29,^KS200,317.01001,yahoo,KRW,2026-06-10T03:14:15.221337+00:00
2023-03-30,^KS200,318.049988,yahoo,KRW,2026-06-10T03:14:15.221337+00:00
2023-03-31,^KS200,322.029999,yahoo,KRW,2026-06-10T03:14:15.221337+00:00
2023-04-03,^KS200,320.380005,yahoo,KRW,2026-06-10T03:14:15.221337+00:00
2023-04-04,^KS200,321.75,yahoo,KRW,2026-06-10T03:14:15.221337+00:00
2023-04-05,^KS200,323.559998,yahoo,KRW,2026-06-10T03:14:15.221337+00:00
2023-04-06,^KS200,317.820007,yahoo,KRW,2026-06-10T03:14:15.221337+00:00
2023-04-07,^KS200,323.359985,yahoo,KRW,2026-06-10T03:14:15.221337+00:00
2023-04-10,^KS200,326.380005,yahoo,KRW,2026-06-10T03:14:15.221337+00:00
2023-04-11,^KS200,330.869995,yahoo,KRW,2026-06-10T03:14:15.221337+00:00
2023-04-12,^KS200,332.089996,yahoo,KRW,2026-06-10T03:14:15.221337+00:00
2023-04-13,^KS200,333.089996,yahoo,KRW,2026-06-10T03:14:15.221337+00:00
2023-04-14,^KS200,333.679993,yahoo,KRW,2026-06-10T03:14:15.221337+00:00
2023-04-17,^KS200,333.920013,yahoo,KRW,2026-06-10T03:14:15.221337+00:00
2023-04-18,^KS200,333.5,yahoo,KRW,2026-06-10T03:14:15.221337+00:00
2023-04-19,^KS200,333.769989,yahoo,KRW,2026-06-10T03:14:15.221337+00:00
2023-04-20,^KS200,332.660004,yahoo,KRW,2026-06-10T03:14:15.221337+00:00
2023-04-21,^KS200,330.940002,yahoo,KRW,2026-06-10T03:14:15.221337+00:00
2023-04-24,^KS200,328.700012,yahoo,KRW,2026-06-10T03:14:15.221337+00:00
2023-04-25,^KS200,324.480011,yahoo,KRW,2026-06-10T03:14:15.221337+00:00
2023-04-26,^KS200,323.970001,yahoo,KRW,2026-06-10T03:14:15.221337+00:00
2023-04-27,^KS200,325.089996,yahoo,KRW,2026-06-10T03:14:15.221337+00:00
2023-04-28,^KS200,326.459991,yahoo,KRW,2026-06-10T03:14:15.221337+00:00
2023-05-02,^KS200,329.089996,yahoo,KRW,2026-06-10T03:14:15.221337+00:00
2023-05-03,^KS200,326.519989,yahoo,KRW,2026-06-10T03:14:15.221337+00:00
2023-05-04,^KS200,326.170013,yahoo,KRW,2026-06-10T03:14:15.221337+00:00
2023-05-08,^KS200,328.899994,yahoo,KRW,2026-06-10T03:14:15.221337+00:00
2023-05-09,^KS200,328.220001,yahoo,KRW,2026-06-10T03:14:15.221337+00:00
2023-05-10,^KS200,326.040009,yahoo,KRW,2026-06-10T03:14:15.221337+00:00
2023-05-11,^KS200,325.279999,yahoo,KRW,2026-06-10T03:14:15.221337+00:00
2023-05-12,^KS200,323.609985,yahoo,KRW,2026-06-10T03:14:15.221337+00:00
2023-05-15,^KS200,324.459991,yahoo,KRW,2026-06-10T03:14:15.221337+00:00
2023-05-16,^KS200,325.309998,yahoo,KRW,2026-06-10T03:14:15.221337+00:00
2023-05-17,^KS200,326.609985,yahoo,KRW,2026-06-10T03:14:15.221337+00:00
2023-05-18,^KS200,329.839996,yahoo,KRW,2026-06-10T03:14:15.221337+00:00
2023-05-19,^KS200,334.230011,yahoo,KRW,2026-06-10T03:14:15.221337+00:00
2023-05-22,^KS200,336.269989,yahoo,KRW,2026-06-10T03:14:15.221337+00:00
2023-05-23,^KS200,337.089996,yahoo,KRW,2026-06-10T03:14:15.221337+00:00
2023-05-24,^KS200,336.48999,yahoo,KRW,2026-06-10T03:14:15.221337+00:00
2023-05-25,^KS200,335.350006,yahoo,KRW,2026-06-10T03:14:15.221337+00:00
2023-05-26,^KS200,337.109985,yahoo,KRW,2026-06-10T03:14:15.221337+00:00
2023-05-30,^KS200,341.5,yahoo,KRW,2026-06-10T03:14:15.221337+00:00
2023-05-31,^KS200,339.119995,yahoo,KRW,2026-06-10T03:14:15.221337+00:00
2023-06-01,^KS200,338.079987,yahoo,KRW,2026-06-10T03:14:15.221337+00:00
2023-06-02,^KS200,342.670013,yahoo,KRW,2026-06-10T03:14:15.221337+00:00
2023-06-05,^KS200,343.910004,yahoo,KRW,2026-06-10T03:14:15.221337+00:00
2023-06-07,^KS200,343.220001,yahoo,KRW,2026-06-10T03:14:15.221337+00:00
2023-06-08,^KS200,342.75,yahoo,KRW,2026-06-10T03:14:15.221337+00:00
2023-06-09,^KS200,346.790009,yahoo,KRW,2026-06-10T03:14:15.221337+00:00
2023-06-12,^KS200,344.570007,yahoo,KRW,2026-06-10T03:14:15.221337+00:00
2023-06-13,^KS200,346.390015,yahoo,KRW,2026-06-10T03:14:15.221337+00:00
2023-06-14,^KS200,344.649994,yahoo,KRW,2026-06-10T03:14:15.221337+00:00
2023-06-15,^KS200,343.190002,yahoo,KRW,2026-06-10T03:14:15.221337+00:00
2023-06-16,^KS200,345.170013,yahoo,KRW,2026-06-10T03:14:15.221337+00:00
2023-06-19,^KS200,343.130005,yahoo,KRW,2026-06-10T03:14:15.221337+00:00
2023-06-20,^KS200,342.579987,yahoo,KRW,2026-06-10T03:14:15.221337+00:00
2023-06-21,^KS200,339.440002,yahoo,KRW,2026-06-10T03:14:15.221337+00:00
2023-06-22,^KS200,341.119995,yahoo,KRW,2026-06-10T03:14:15.221337+00:00
2023-06-23,^KS200,338.450012,yahoo,KRW,2026-06-10T03:14:15.221337+00:00
2023-06-26,^KS200,340.380005,yahoo,KRW,2026-06-10T03:14:15.221337+00:00
2023-06-27,^KS200,340.320007,yahoo,KRW,2026-06-10T03:14:15.221337+00:00
2023-06-28,^KS200,338.410004,yahoo,KRW,2026-06-10T03:14:15.221337+00:00
2023-06-29,^KS200,336.390015,yahoo,KRW,2026-06-10T03:14:15.221337+00:00
2023-06-30,^KS200,337.950012,yahoo,KRW,2026-06-10T03:14:15.221337+00:00
2023-07-03,^KS200,343.079987,yahoo,KRW,2026-06-10T03:14:15.221337+00:00
2023-07-04,^KS200,341.589996,yahoo,KRW,2026-06-10T03:14:15.221337+00:00
2023-07-05,^KS200,339.040009,yahoo,KRW,2026-06-10T03:14:15.221337+00:00
2023-07-06,^KS200,336.200012,yahoo,KRW,2026-06-10T03:14:15.221337+00:00
2023-07-07,^KS200,331.570007,yahoo,KRW,2026-06-10T03:14:15.221337+00:00
2023-07-10,^KS200,330.839996,yahoo,KRW,2026-06-10T03:14:15.221337+00:00
2023-07-11,^KS200,337.019989,yahoo,KRW,2026-06-10T03:14:15.221337+00:00
2023-07-12,^KS200,339.459991,yahoo,KRW,2026-06-10T03:14:15.221337+00:00
2023-07-13,^KS200,341.130005,yahoo,KRW,2026-06-10T03:14:15.221337+00:00
2023-07-14,^KS200,346.929993,yahoo,KRW,2026-06-10T03:14:15.221337+00:00
2023-07-17,^KS200,345.75,yahoo,KRW,2026-06-10T03:14:15.221337+00:00
2023-07-18,^KS200,343.380005,yahoo,KRW,2026-06-10T03:14:15.221337+00:00
2023-07-19,^KS200,343.109985,yahoo,KRW,2026-06-10T03:14:15.221337+00:00
2023-07-20,^KS200,341.670013,yahoo,KRW,2026-06-10T03:14:15.221337+00:00
2023-07-21,^KS200,342.390015,yahoo,KRW,2026-06-10T03:14:15.221337+00:00
2023-07-24,^KS200,344.320007,yahoo,KRW,2026-06-10T03:14:15.221337+00:00
2023-07-25,^KS200,344.920013,yahoo,KRW,2026-06-10T03:14:15.221337+00:00
2023-07-26,^KS200,340.559998,yahoo,KRW,2026-06-10T03:14:15.221337+00:00
2023-07-27,^KS200,344.76001,yahoo,KRW,2026-06-10T03:14:15.221337+00:00
2023-07-28,^KS200,344.029999,yahoo,KRW,2026-06-10T03:14:15.221337+00:00
2023-07-31,^KS200,345.619995,yahoo,KRW,2026-06-10T03:14:15.221337+00:00
2023-08-01,^KS200,351.0,yahoo,KRW,2026-06-10T03:14:15.221337+00:00
2023-08-02,^KS200,343.799988,yahoo,KRW,2026-06-10T03:14:15.221337+00:00
2023-08-03,^KS200,341.540009,yahoo,KRW,2026-06-10T03:14:15.221337+00:00
2023-08-04,^KS200,341.25,yahoo,KRW,2026-06-10T03:14:15.221337+00:00
2023-08-07,^KS200,339.679993,yahoo,KRW,2026-06-10T03:14:15.221337+00:00
2023-08-08,^KS200,337.950012,yahoo,KRW,2026-06-10T03:14:15.221337+00:00
2023-08-09,^KS200,341.609985,yahoo,KRW,2026-06-10T03:14:15.221337+00:00
2023-08-10,^KS200,340.459991,yahoo,KRW,2026-06-10T03:14:15.221337+00:00
2023-08-11,^KS200,338.980011,yahoo,KRW,2026-06-10T03:14:15.221337+00:00
2023-08-14,^KS200,336.329987,yahoo,KRW,2026-06-10T03:14:15.221337+00:00
2023-08-16,^KS200,331.279999,yahoo,KRW,2026-06-10T03:14:15.221337+00:00
2023-08-17,^KS200,330.230011,yahoo,KRW,2026-06-10T03:14:15.221337+00:00
2023-08-18,^KS200,328.420013,yahoo,KRW,2026-06-10T03:14:15.221337+00:00
2023-08-21,^KS200,328.839996,yahoo,KRW,2026-06-10T03:14:15.221337+00:00
2023-08-22,^KS200,329.700012,yahoo,KRW,2026-06-10T03:14:15.221337+00:00
2023-08-23,^KS200,329.149994,yahoo,KRW,2026-06-10T03:14:15.221337+00:00
2023-08-24,^KS200,333.820007,yahoo,KRW,2026-06-10T03:14:15.221337+00:00
2023-08-25,^KS200,330.25,yahoo,KRW,2026-06-10T03:14:15.221337+00:00
2023-08-28,^KS200,332.529999,yahoo,KRW,2026-06-10T03:14:15.221337+00:00
2023-08-29,^KS200,333.76001,yahoo,KRW,2026-06-10T03:14:15.221337+00:00
2023-08-30,^KS200,334.940002,yahoo,KRW,2026-06-10T03:14:15.221337+00:00
2023-08-31,^KS200,334.75,yahoo,KRW,2026-06-10T03:14:15.221337+00:00
2023-09-01,^KS200,338.279999,yahoo,KRW,2026-06-10T03:14:15.221337+00:00
2023-09-04,^KS200,341.019989,yahoo,KRW,2026-06-10T03:14:15.221337+00:00
2023-09-05,^KS200,340.290009,yahoo,KRW,2026-06-10T03:14:15.221337+00:00
2023-09-06,^KS200,337.850006,yahoo,KRW,2026-06-10T03:14:15.221337+00:00
2023-09-07,^KS200,336.73999,yahoo,KRW,2026-06-10T03:14:15.221337+00:00
2023-09-08,^KS200,336.399994,yahoo,KRW,2026-06-10T03:14:15.221337+00:00
2023-09-11,^KS200,337.579987,yahoo,KRW,2026-06-10T03:14:15.221337+00:00
2023-09-12,^KS200,335.540009,yahoo,KRW,2026-06-10T03:14:15.221337+00:00
2023-09-13,^KS200,335.98999,yahoo,KRW,2026-06-10T03:14:15.221337+00:00
2023-09-14,^KS200,341.190002,yahoo,KRW,2026-06-10T03:14:15.221337+00:00
2023-09-15,^KS200,344.980011,yahoo,KRW,2026-06-10T03:14:15.221337+00:00
2023-09-18,^KS200,340.670013,yahoo,KRW,2026-06-10T03:14:15.221337+00:00
2023-09-19,^KS200,338.820007,yahoo,KRW,2026-06-10T03:14:15.221337+00:00
2023-09-20,^KS200,338.75,yahoo,KRW,2026-06-10T03:14:15.221337+00:00
2023-09-21,^KS200,333.040009,yahoo,KRW,2026-06-10T03:14:15.221337+00:00
2023-09-22,^KS200,332.019989,yahoo,KRW,2026-06-10T03:14:15.221337+00:00
2023-09-25,^KS200,331.579987,yahoo,KRW,2026-06-10T03:14:15.221337+00:00
2023-09-26,^KS200,326.899994,yahoo,KRW,2026-06-10T03:14:15.221337+00:00
2023-09-27,^KS200,326.709991,yahoo,KRW,2026-06-10T03:14:15.221337+00:00
2023-10-04,^KS200,319.450012,yahoo,KRW,2026-06-10T03:14:15.221337+00:00
2023-10-05,^KS200,318.579987,yahoo,KRW,2026-06-10T03:14:15.221337+00:00
2023-10-06,^KS200,318.940002,yahoo,KRW,2026-06-10T03:14:15.221337+00:00
2023-10-10,^KS200,319.109985,yahoo,KRW,2026-06-10T03:14:15.221337+00:00
2023-10-11,^KS200,324.73999,yahoo,KRW,2026-06-10T03:14:15.221337+00:00
2023-10-12,^KS200,328.850006,yahoo,KRW,2026-06-10T03:14:15.221337+00:00
2023-10-13,^KS200,325.769989,yahoo,KRW,2026-06-10T03:14:15.221337+00:00
2023-10-16,^KS200,323.290009,yahoo,KRW,2026-06-10T03:14:15.221337+00:00
2023-10-17,^KS200,327.350006,yahoo,KRW,2026-06-10T03:14:15.221337+00:00
2023-10-18,^KS200,328.820007,yahoo,KRW,2026-06-10T03:14:15.221337+00:00
2023-10-19,^KS200,322.76001,yahoo,KRW,2026-06-10T03:14:15.221337+00:00
2023-10-20,^KS200,317.959991,yahoo,KRW,2026-06-10T03:14:15.221337+00:00
2023-10-23,^KS200,315.5,yahoo,KRW,2026-06-10T03:14:15.221337+00:00
2023-10-24,^KS200,318.429993,yahoo,KRW,2026-06-10T03:14:15.221337+00:00
2023-10-25,^KS200,316.48999,yahoo,KRW,2026-06-10T03:14:15.221337+00:00
2023-10-26,^KS200,307.75,yahoo,KRW,2026-06-10T03:14:15.221337+00:00
2023-10-27,^KS200,308.529999,yahoo,KRW,2026-06-10T03:14:15.221337+00:00
2023-10-30,^KS200,308.950012,yahoo,KRW,2026-06-10T03:14:15.221337+00:00
2023-10-31,^KS200,305.559998,yahoo,KRW,2026-06-10T03:14:15.221337+00:00
2023-11-01,^KS200,309.709991,yahoo,KRW,2026-06-10T03:14:15.221337+00:00
2023-11-02,^KS200,315.160004,yahoo,KRW,2026-06-10T03:14:15.221337+00:00
2023-11-03,^KS200,318.23999,yahoo,KRW,2026-06-10T03:14:15.221337+00:00
2023-11-06,^KS200,334.160004,yahoo,KRW,2026-06-10T03:14:15.221337+00:00
2023-11-07,^KS200,327.290009,yahoo,KRW,2026-06-10T03:14:15.221337+00:00
2023-11-08,^KS200,324.0,yahoo,KRW,2026-06-10T03:14:15.221337+00:00
2023-11-09,^KS200,325.290009,yahoo,KRW,2026-06-10T03:14:15.221337+00:00
2023-11-10,^KS200,323.75,yahoo,KRW,2026-06-10T03:14:15.221337+00:00
2023-11-13,^KS200,323.309998,yahoo,KRW,2026-06-10T03:14:15.221337+00:00
2023-11-14,^KS200,326.570007,yahoo,KRW,2026-06-10T03:14:15.221337+00:00
2023-11-15,^KS200,333.959991,yahoo,KRW,2026-06-10T03:14:15.221337+00:00
2023-11-16,^KS200,334.309998,yahoo,KRW,2026-06-10T03:14:15.221337+00:00
2023-11-17,^KS200,332.059998,yahoo,KRW,2026-06-10T03:14:15.221337+00:00
2023-11-20,^KS200,334.230011,yahoo,KRW,2026-06-10T03:14:15.221337+00:00
2023-11-21,^KS200,336.570007,yahoo,KRW,2026-06-10T03:14:15.221337+00:00
2023-11-22,^KS200,336.809998,yahoo,KRW,2026-06-10T03:14:15.221337+00:00
2023-11-23,^KS200,336.910004,yahoo,KRW,2026-06-10T03:14:15.221337+00:00
2023-11-24,^KS200,334.0,yahoo,KRW,2026-06-10T03:14:15.221337+00:00
2023-11-27,^KS200,333.670013,yahoo,KRW,2026-06-10T03:14:15.221337+00:00
2023-11-28,^KS200,337.519989,yahoo,KRW,2026-06-10T03:14:15.221337+00:00
2023-11-29,^KS200,336.619995,yahoo,KRW,2026-06-10T03:14:15.221337+00:00
2023-11-30,^KS200,338.429993,yahoo,KRW,2026-06-10T03:14:15.221337+00:00
2023-12-01,^KS200,334.799988,yahoo,KRW,2026-06-10T03:14:15.221337+00:00
2023-12-04,^KS200,336.140015,yahoo,KRW,2026-06-10T03:14:15.221337+00:00
2023-12-05,^KS200,332.850006,yahoo,KRW,2026-06-10T03:14:15.221337+00:00
2023-12-06,^KS200,333.450012,yahoo,KRW,2026-06-10T03:14:15.221337+00:00
2023-12-07,^KS200,332.670013,yahoo,KRW,2026-06-10T03:14:15.221337+00:00
2023-12-08,^KS200,336.600006,yahoo,KRW,2026-06-10T03:14:15.221337+00:00
2023-12-11,^KS200,337.929993,yahoo,KRW,2026-06-10T03:14:15.221337+00:00
2023-12-12,^KS200,339.769989,yahoo,KRW,2026-06-10T03:14:15.221337+00:00
2023-12-13,^KS200,336.679993,yahoo,KRW,2026-06-10T03:14:15.221337+00:00
2023-12-14,^KS200,341.329987,yahoo,KRW,2026-06-10T03:14:15.221337+00:00
2023-12-15,^KS200,343.98999,yahoo,KRW,2026-06-10T03:14:15.221337+00:00
2023-12-18,^KS200,343.5,yahoo,KRW,2026-06-10T03:14:15.221337+00:00
2023-12-19,^KS200,343.950012,yahoo,KRW,2026-06-10T03:14:15.221337+00:00
2023-12-20,^KS200,350.109985,yahoo,KRW,2026-06-10T03:14:15.221337+00:00
2023-12-21,^KS200,348.779999,yahoo,KRW,2026-06-10T03:14:15.221337+00:00
2023-12-22,^KS200,349.149994,yahoo,KRW,2026-06-10T03:14:15.221337+00:00
2023-12-26,^KS200,350.429993,yahoo,KRW,2026-06-10T03:14:15.221337+00:00
2023-12-27,^KS200,352.459991,yahoo,KRW,2026-06-10T03:14:15.221337+00:00
2023-12-28,^KS200,357.98999,yahoo,KRW,2026-06-10T03:14:15.221337+00:00
2024-01-02,^KS200,360.549988,yahoo,KRW,2026-06-10T03:14:15.221337+00:00
2024-01-03,^KS200,351.200012,yahoo,KRW,2026-06-10T03:14:15.221337+00:00
2024-01-04,^KS200,348.070007,yahoo,KRW,2026-06-10T03:14:15.221337+00:00
2024-01-05,^KS200,347.220001,yahoo,KRW,2026-06-10T03:14:15.221337+00:00
2024-01-08,^KS200,345.579987,yahoo,KRW,2026-06-10T03:14:15.221337+00:00
2024-01-09,^KS200,343.809998,yahoo,KRW,2026-06-10T03:14:15.221337+00:00
2024-01-10,^KS200,340.660004,yahoo,KRW,2026-06-10T03:14:15.221337+00:00
2024-01-11,^KS200,340.279999,yahoo,KRW,2026-06-10T03:14:15.221337+00:00
2024-01-12,^KS200,338.220001,yahoo,KRW,2026-06-10T03:14:15.221337+00:00
2024-01-15,^KS200,339.23999,yahoo,KRW,2026-06-10T03:14:15.221337+00:00
2024-01-16,^KS200,334.730011,yahoo,KRW,2026-06-10T03:14:15.221337+00:00
2024-01-17,^KS200,326.109985,yahoo,KRW,2026-06-10T03:14:15.221337+00:00
2024-01-18,^KS200,327.130005,yahoo,KRW,2026-06-10T03:14:15.221337+00:00
2024-01-19,^KS200,332.98999,yahoo,KRW,2026-06-10T03:14:15.221337+00:00
2024-01-22,^KS200,332.630005,yahoo,KRW,2026-06-10T03:14:15.221337+00:00
2024-01-23,^KS200,334.970001,yahoo,KRW,2026-06-10T03:14:15.221337+00:00
2024-01-24,^KS200,333.269989,yahoo,KRW,2026-06-10T03:14:15.221337+00:00
2024-01-25,^KS200,333.799988,yahoo,KRW,2026-06-10T03:14:15.221337+00:00
2024-01-26,^KS200,334.209991,yahoo,KRW,2026-06-10T03:14:15.221337+00:00
2024-01-29,^KS200,337.839996,yahoo,KRW,2026-06-10T03:14:15.221337+00:00
2024-01-30,^KS200,337.480011,yahoo,KRW,2026-06-10T03:14:15.221337+00:00
2024-01-31,^KS200,336.23999,yahoo,KRW,2026-06-10T03:14:15.221337+00:00
2024-02-01,^KS200,342.410004,yahoo,KRW,2026-06-10T03:14:15.221337+00:00
2024-02-02,^KS200,353.429993,yahoo,KRW,2026-06-10T03:14:15.221337+00:00
2024-02-05,^KS200,349.149994,yahoo,KRW,2026-06-10T03:14:15.221337+00:00
2024-02-06,^KS200,347.799988,yahoo,KRW,2026-06-10T03:14:15.221337+00:00
2024-02-07,^KS200,352.25,yahoo,KRW,2026-06-10T03:14:15.221337+00:00
2024-02-08,^KS200,353.290009,yahoo,KRW,2026-06-10T03:14:15.221337+00:00
2024-02-13,^KS200,357.380005,yahoo,KRW,2026-06-10T03:14:15.221337+00:00
2024-02-14,^KS200,352.690002,yahoo,KRW,2026-06-10T03:14:15.221337+00:00
2024-02-15,^KS200,351.209991,yahoo,KRW,2026-06-10T03:14:15.221337+00:00
2024-02-16,^KS200,355.519989,yahoo,KRW,2026-06-10T03:14:15.221337+00:00
2024-02-19,^KS200,360.880005,yahoo,KRW,2026-06-10T03:14:15.221337+00:00
2024-02-20,^KS200,356.920013,yahoo,KRW,2026-06-10T03:14:15.221337+00:00
2024-02-21,^KS200,356.040009,yahoo,KRW,2026-06-10T03:14:15.221337+00:00
2024-02-22,^KS200,357.670013,yahoo,KRW,2026-06-10T03:14:15.221337+00:00
2024-02-23,^KS200,358.570007,yahoo,KRW,2026-06-10T03:14:15.221337+00:00
2024-02-26,^KS200,355.480011,yahoo,KRW,2026-06-10T03:14:15.221337+00:00
2024-02-27,^KS200,352.76001,yahoo,KRW,2026-06-10T03:14:15.221337+00:00
2024-02-28,^KS200,356.790009,yahoo,KRW,2026-06-10T03:14:15.221337+00:00
2024-02-29,^KS200,355.570007,yahoo,KRW,2026-06-10T03:14:15.221337+00:00
2024-03-04,^KS200,361.100006,yahoo,KRW,2026-06-10T03:14:15.221337+00:00
2024-03-05,^KS200,357.589996,yahoo,KRW,2026-06-10T03:14:15.221337+00:00
2024-03-06,^KS200,356.25,yahoo,KRW,2026-06-10T03:14:15.221337+00:00
2024-03-07,^KS200,356.820007,yahoo,KRW,2026-06-10T03:14:15.221337+00:00
2024-03-08,^KS200,361.709991,yahoo,KRW,2026-06-10T03:14:15.221337+00:00
2024-03-11,^KS200,358.339996,yahoo,KRW,2026-06-10T03:14:15.221337+00:00
2024-03-12,^KS200,361.109985,yahoo,KRW,2026-06-10T03:14:15.221337+00:00
2024-03-13,^KS200,363.040009,yahoo,KRW,2026-06-10T03:14:15.221337+00:00
2024-03-14,^KS200,366.679993,yahoo,KRW,2026-06-10T03:14:15.221337+00:00
2024-03-15,^KS200,359.390015,yahoo,KRW,2026-06-10T03:14:15.221337+00:00
2024-03-18,^KS200,361.309998,yahoo,KRW,2026-06-10T03:14:15.221337+00:00
2024-03-19,^KS200,357.329987,yahoo,KRW,2026-06-10T03:14:15.221337+00:00
2024-03-20,^KS200,363.320007,yahoo,KRW,2026-06-10T03:14:15.221337+00:00
2024-03-21,^KS200,373.660004,yahoo,KRW,2026-06-10T03:14:15.221337+00:00
2024-03-22,^KS200,372.649994,yahoo,KRW,2026-06-10T03:14:15.221337+00:00
2024-03-25,^KS200,370.730011,yahoo,KRW,2026-06-10T03:14:15.221337+00:00
2024-03-26,^KS200,374.600006,yahoo,KRW,2026-06-10T03:14:15.221337+00:00
2024-03-27,^KS200,374.079987,yahoo,KRW,2026-06-10T03:14:15.221337+00:00
2024-03-28,^KS200,373.220001,yahoo,KRW,2026-06-10T03:14:15.221337+00:00
2024-03-29,^KS200,374.630005,yahoo,KRW,2026-06-10T03:14:15.221337+00:00
2024-04-01,^KS200,374.279999,yahoo,KRW,2026-06-10T03:14:15.221337+00:00
2024-04-02,^KS200,376.339996,yahoo,KRW,2026-06-10T03:14:15.221337+00:00
2024-04-03,^KS200,369.720001,yahoo,KRW,2026-06-10T03:14:15.221337+00:00
2024-04-04,^KS200,375.609985,yahoo,KRW,2026-06-10T03:14:15.221337+00:00
2024-04-05,^KS200,371.570007,yahoo,KRW,2026-06-10T03:14:15.221337+00:00
2024-04-08,^KS200,372.51001,yahoo,KRW,2026-06-10T03:14:15.221337+00:00
2024-04-09,^KS200,370.269989,yahoo,KRW,2026-06-10T03:14:15.221337+00:00
2024-04-11,^KS200,370.720001,yahoo,KRW,2026-06-10T03:14:15.221337+00:00
2024-04-12,^KS200,367.25,yahoo,KRW,2026-06-10T03:14:15.221337+00:00
2024-04-15,^KS200,365.309998,yahoo,KRW,2026-06-10T03:14:15.221337+00:00
2024-04-16,^KS200,356.670013,yahoo,KRW,2026-06-10T03:14:15.221337+00:00
2024-04-17,^KS200,352.790009,yahoo,KRW,2026-06-10T03:14:15.221337+00:00
2024-04-18,^KS200,359.059998,yahoo,KRW,2026-06-10T03:14:15.221337+00:00
2024-04-19,^KS200,352.579987,yahoo,KRW,2026-06-10T03:14:15.221337+00:00
2024-04-22,^KS200,356.890015,yahoo,KRW,2026-06-10T03:14:15.221337+00:00
2024-04-23,^KS200,355.980011,yahoo,KRW,2026-06-10T03:14:15.221337+00:00
2024-04-24,^KS200,363.600006,yahoo,KRW,2026-06-10T03:14:15.221337+00:00
2024-04-25,^KS200,356.51001,yahoo,KRW,2026-06-10T03:14:15.221337+00:00
2024-04-26,^KS200,361.019989,yahoo,KRW,2026-06-10T03:14:15.221337+00:00
2024-04-29,^KS200,364.480011,yahoo,KRW,2026-06-10T03:14:15.221337+00:00
2024-04-30,^KS200,365.130005,yahoo,KRW,2026-06-10T03:14:15.221337+00:00
2024-05-02,^KS200,364.309998,yahoo,KRW,2026-06-10T03:14:15.221337+00:00
2024-05-03,^KS200,363.579987,yahoo,KRW,2026-06-10T03:14:15.221337+00:00
2024-05-07,^KS200,372.799988,yahoo,KRW,2026-06-10T03:14:15.221337+00:00
2024-05-08,^KS200,374.089996,yahoo,KRW,2026-06-10T03:14:15.221337+00:00
2024-05-09,^KS200,368.829987,yahoo,KRW,2026-06-10T03:14:15.221337+00:00
2024-05-10,^KS200,371.079987,yahoo,KRW,2026-06-10T03:14:15.221337+00:00
2024-05-13,^KS200,370.98999,yahoo,KRW,2026-06-10T03:14:15.221337+00:00
2024-05-14,^KS200,371.040009,yahoo,KRW,2026-06-10T03:14:15.221337+00:00
2024-05-16,^KS200,374.600006,yahoo,KRW,2026-06-10T03:14:15.221337+00:00
2024-05-17,^KS200,370.579987,yahoo,KRW,2026-06-10T03:14:15.221337+00:00
2024-05-20,^KS200,373.679993,yahoo,KRW,2026-06-10T03:14:15.221337+00:00
2024-05-21,^KS200,371.549988,yahoo,KRW,2026-06-10T03:14:15.221337+00:00
2024-05-22,^KS200,371.410004,yahoo,KRW,2026-06-10T03:14:15.221337+00:00
2024-05-23,^KS200,371.619995,yahoo,KRW,2026-06-10T03:14:15.221337+00:00
2024-05-24,^KS200,366.079987,yahoo,KRW,2026-06-10T03:14:15.221337+00:00
2024-05-27,^KS200,371.160004,yahoo,KRW,2026-06-10T03:14:15.221337+00:00
2024-05-28,^KS200,371.329987,yahoo,KRW,2026-06-10T03:14:15.221337+00:00
2024-05-29,^KS200,364.959991,yahoo,KRW,2026-06-10T03:14:15.221337+00:00
2024-05-30,^KS200,358.700012,yahoo,KRW,2026-06-10T03:14:15.221337+00:00
2024-05-31,^KS200,358.209991,yahoo,KRW,2026-06-10T03:14:15.221337+00:00
2024-06-03,^KS200,365.480011,yahoo,KRW,2026-06-10T03:14:15.221337+00:00
2024-06-04,^KS200,362.519989,yahoo,KRW,2026-06-10T03:14:15.221337+00:00
2024-06-05,^KS200,366.440002,yahoo,KRW,2026-06-10T03:14:15.221337+00:00
2024-06-07,^KS200,371.390015,yahoo,KRW,2026-06-10T03:14:15.221337+00:00
2024-06-10,^KS200,367.459991,yahoo,KRW,2026-06-10T03:14:15.221337+00:00
2024-06-11,^KS200,367.709991,yahoo,KRW,2026-06-10T03:14:15.221337+00:00
2024-06-12,^KS200,371.119995,yahoo,KRW,2026-06-10T03:14:15.221337+00:00
2024-06-13,^KS200,374.75,yahoo,KRW,2026-06-10T03:14:15.221337+00:00
2024-06-14,^KS200,376.0,yahoo,KRW,2026-06-10T03:14:15.221337+00:00
2024-06-17,^KS200,373.859985,yahoo,KRW,2026-06-10T03:14:15.221337+00:00
2024-06-18,^KS200,377.730011,yahoo,KRW,2026-06-10T03:14:15.221337+00:00
2024-06-19,^KS200,383.01001,yahoo,KRW,2026-06-10T03:14:15.221337+00:00
2024-06-20,^KS200,384.779999,yahoo,KRW,2026-06-10T03:14:15.221337+00:00
2024-06-21,^KS200,380.880005,yahoo,KRW,2026-06-10T03:14:15.221337+00:00
2024-06-24,^KS200,378.390015,yahoo,KRW,2026-06-10T03:14:15.221337+00:00
2024-06-25,^KS200,379.850006,yahoo,KRW,2026-06-10T03:14:15.221337+00:00
2024-06-26,^KS200,383.01001,yahoo,KRW,2026-06-10T03:14:15.221337+00:00
2024-06-27,^KS200,382.269989,yahoo,KRW,2026-06-10T03:14:15.221337+00:00
2024-06-28,^KS200,384.019989,yahoo,KRW,2026-06-10T03:14:15.221337+00:00
2024-07-01,^KS200,384.339996,yahoo,KRW,2026-06-10T03:14:15.221337+00:00
2024-07-02,^KS200,381.200012,yahoo,KRW,2026-06-10T03:14:15.221337+00:00
2024-07-03,^KS200,383.230011,yahoo,KRW,2026-06-10T03:14:15.221337+00:00
2024-07-04,^KS200,388.529999,yahoo,KRW,2026-06-10T03:14:15.221337+00:00
2024-07-05,^KS200,395.470001,yahoo,KRW,2026-06-10T03:14:15.221337+00:00
2024-07-08,^KS200,394.470001,yahoo,KRW,2026-06-10T03:14:15.221337+00:00
2024-07-09,^KS200,395.790009,yahoo,KRW,2026-06-10T03:14:15.221337+00:00
2024-07-10,^KS200,395.600006,yahoo,KRW,2026-06-10T03:14:15.221337+00:00
2024-07-11,^KS200,398.519989,yahoo,KRW,2026-06-10T03:14:15.221337+00:00
2024-07-12,^KS200,392.290009,yahoo,KRW,2026-06-10T03:14:15.221337+00:00
2024-07-15,^KS200,393.839996,yahoo,KRW,2026-06-10T03:14:15.221337+00:00
2024-07-16,^KS200,395.309998,yahoo,KRW,2026-06-10T03:14:15.221337+00:00
2024-07-17,^KS200,391.549988,yahoo,KRW,2026-06-10T03:14:15.221337+00:00
2024-07-18,^KS200,389.0,yahoo,KRW,2026-06-10T03:14:15.221337+00:00
2024-07-19,^KS200,383.890015,yahoo,KRW,2026-06-10T03:14:15.221337+00:00
2024-07-22,^KS200,379.839996,yahoo,KRW,2026-06-10T03:14:15.221337+00:00
2024-07-23,^KS200,381.649994,yahoo,KRW,2026-06-10T03:14:15.221337+00:00
2024-07-24,^KS200,378.660004,yahoo,KRW,2026-06-10T03:14:15.221337+00:00
2024-07-25,^KS200,371.26001,yahoo,KRW,2026-06-10T03:14:15.221337+00:00
2024-07-26,^KS200,374.200012,yahoo,KRW,2026-06-10T03:14:15.221337+00:00
2024-07-29,^KS200,378.730011,yahoo,KRW,2026-06-10T03:14:15.221337+00:00
2024-07-30,^KS200,374.869995,yahoo,KRW,2026-06-10T03:14:15.221337+00:00
2024-07-31,^KS200,380.48999,yahoo,KRW,2026-06-10T03:14:15.221337+00:00
2024-08-01,^KS200,380.540009,yahoo,KRW,2026-06-10T03:14:15.221337+00:00
2024-08-02,^KS200,365.170013,yahoo,KRW,2026-06-10T03:14:15.221337+00:00
2024-08-05,^KS200,331.859985,yahoo,KRW,2026-06-10T03:14:15.221337+00:00
2024-08-06,^KS200,341.730011,yahoo,KRW,2026-06-10T03:14:15.221337+00:00
2024-08-07,^KS200,349.089996,yahoo,KRW,2026-06-10T03:14:15.221337+00:00
2024-08-08,^KS200,346.700012,yahoo,KRW,2026-06-10T03:14:15.221337+00:00
2024-08-09,^KS200,351.519989,yahoo,KRW,2026-06-10T03:14:15.221337+00:00
2024-08-12,^KS200,355.609985,yahoo,KRW,2026-06-10T03:14:15.221337+00:00
2024-08-13,^KS200,357.019989,yahoo,KRW,2026-06-10T03:14:15.221337+00:00
2024-08-14,^KS200,360.390015,yahoo,KRW,2026-06-10T03:14:15.221337+00:00
2024-08-16,^KS200,369.109985,yahoo,KRW,2026-06-10T03:14:15.221337+00:00
2024-08-19,^KS200,365.519989,yahoo,KRW,2026-06-10T03:14:15.221337+00:00
2024-08-20,^KS200,368.98999,yahoo,KRW,2026-06-10T03:14:15.221337+00:00
2024-08-21,^KS200,368.220001,yahoo,KRW,2026-06-10T03:14:15.221337+00:00
2024-08-22,^KS200,369.100006,yahoo,KRW,2026-06-10T03:14:15.221337+00:00
2024-08-23,^KS200,367.910004,yahoo,KRW,2026-06-10T03:14:15.221337+00:00
2024-08-26,^KS200,366.309998,yahoo,KRW,2026-06-10T03:14:15.221337+00:00
2024-08-27,^KS200,364.559998,yahoo,KRW,2026-06-10T03:14:15.221337+00:00
2024-08-28,^KS200,365.279999,yahoo,KRW,2026-06-10T03:14:15.221337+00:00
2024-08-29,^KS200,360.100006,yahoo,KRW,2026-06-10T03:14:15.221337+00:00
2024-08-30,^KS200,361.549988,yahoo,KRW,2026-06-10T03:14:15.221337+00:00
2024-09-02,^KS200,362.089996,yahoo,KRW,2026-06-10T03:14:15.221337+00:00
2024-09-03,^KS200,358.799988,yahoo,KRW,2026-06-10T03:14:15.221337+00:00
2024-09-04,^KS200,346.660004,yahoo,KRW,2026-06-10T03:14:15.221337+00:00
2024-09-05,^KS200,345.920013,yahoo,KRW,2026-06-10T03:14:15.221337+00:00
2024-09-06,^KS200,342.369995,yahoo,KRW,2026-06-10T03:14:15.221337+00:00
2024-09-09,^KS200,340.179993,yahoo,KRW,2026-06-10T03:14:15.221337+00:00
2024-09-10,^KS200,338.480011,yahoo,KRW,2026-06-10T03:14:15.221337+00:00
2024-09-11,^KS200,335.649994,yahoo,KRW,2026-06-10T03:14:15.221337+00:00
2024-09-12,^KS200,343.850006,yahoo,KRW,2026-06-10T03:14:15.221337+00:00
2024-09-13,^KS200,343.690002,yahoo,KRW,2026-06-10T03:14:15.221337+00:00
2024-09-19,^KS200,343.279999,yahoo,KRW,2026-06-10T03:14:15.221337+00:00
2024-09-20,^KS200,344.670013,yahoo,KRW,2026-06-10T03:14:15.221337+00:00
2024-09-23,^KS200,345.779999,yahoo,KRW,2026-06-10T03:14:15.221337+00:00
2024-09-24,^KS200,349.609985,yahoo,KRW,2026-06-10T03:14:15.221337+00:00
2024-09-25,^KS200,344.559998,yahoo,KRW,2026-06-10T03:14:15.221337+00:00
2024-09-26,^KS200,356.440002,yahoo,KRW,2026-06-10T03:14:15.221337+00:00
2024-09-27,^KS200,353.929993,yahoo,KRW,2026-06-10T03:14:15.221337+00:00
2024-09-30,^KS200,344.76001,yahoo,KRW,2026-06-10T03:14:15.221337+00:00
2024-10-02,^KS200,340.720001,yahoo,KRW,2026-06-10T03:14:15.221337+00:00
2024-10-04,^KS200,341.73999,yahoo,KRW,2026-06-10T03:14:15.221337+00:00
2024-10-07,^KS200,347.339996,yahoo,KRW,2026-06-10T03:14:15.221337+00:00
2024-10-08,^KS200,344.230011,yahoo,KRW,2026-06-10T03:14:15.221337+00:00
2024-10-10,^KS200,345.209991,yahoo,KRW,2026-06-10T03:14:15.221337+00:00
2024-10-11,^KS200,345.450012,yahoo,KRW,2026-06-10T03:14:15.221337+00:00
2024-10-14,^KS200,349.73999,yahoo,KRW,2026-06-10T03:14:15.221337+00:00
2024-10-15,^KS200,351.070007,yahoo,KRW,2026-06-10T03:14:15.221337+00:00
2024-10-16,^KS200,347.26001,yahoo,KRW,2026-06-10T03:14:15.221337+00:00
2024-10-17,^KS200,347.730011,yahoo,KRW,2026-06-10T03:14:15.221337+00:00
2024-10-18,^KS200,345.420013,yahoo,KRW,2026-06-10T03:14:15.221337+00:00
2024-10-21,^KS200,346.619995,yahoo,KRW,2026-06-10T03:14:15.221337+00:00
2024-10-22,^KS200,342.089996,yahoo,KRW,2026-06-10T03:14:15.221337+00:00
2024-10-23,^KS200,346.269989,yahoo,KRW,2026-06-10T03:14:15.221337+00:00
2024-10-24,^KS200,342.880005,yahoo,KRW,2026-06-10T03:14:15.221337+00:00
2024-10-25,^KS200,343.369995,yahoo,KRW,2026-06-10T03:14:15.221337+00:00
2024-10-28,^KS200,347.269989,yahoo,KRW,2026-06-10T03:14:15.221337+00:00
2024-10-29,^KS200,348.279999,yahoo,KRW,2026-06-10T03:14:15.221337+00:00
2024-10-30,^KS200,345.0,yahoo,KRW,2026-06-10T03:14:15.221337+00:00
2024-10-31,^KS200,339.320007,yahoo,KRW,2026-06-10T03:14:15.221337+00:00
2024-11-01,^KS200,337.48999,yahoo,KRW,2026-06-10T03:14:15.221337+00:00
2024-11-04,^KS200,343.600006,yahoo,KRW,2026-06-10T03:14:15.221337+00:00
2024-11-05,^KS200,341.470001,yahoo,KRW,2026-06-10T03:14:15.221337+00:00
2024-11-06,^KS200,340.609985,yahoo,KRW,2026-06-10T03:14:15.221337+00:00
2024-11-07,^KS200,340.869995,yahoo,KRW,2026-06-10T03:14:15.221337+00:00
2024-11-08,^KS200,339.709991,yahoo,KRW,2026-06-10T03:14:15.221337+00:00
2024-11-11,^KS200,334.640015,yahoo,KRW,2026-06-10T03:14:15.221337+00:00
2024-11-12,^KS200,327.309998,yahoo,KRW,2026-06-10T03:14:15.221337+00:00
2024-11-13,^KS200,318.839996,yahoo,KRW,2026-06-10T03:14:15.221337+00:00
2024-11-14,^KS200,317.700012,yahoo,KRW,2026-06-10T03:14:15.221337+00:00
2024-11-15,^KS200,320.529999,yahoo,KRW,2026-06-10T03:14:15.221337+00:00
2024-11-18,^KS200,328.440002,yahoo,KRW,2026-06-10T03:14:15.221337+00:00
2024-11-19,^KS200,328.109985,yahoo,KRW,2026-06-10T03:14:15.221337+00:00
2024-11-20,^KS200,329.019989,yahoo,KRW,2026-06-10T03:14:15.221337+00:00
2024-11-21,^KS200,329.48999,yahoo,KRW,2026-06-10T03:14:15.221337+00:00
2024-11-22,^KS200,332.359985,yahoo,KRW,2026-06-10T03:14:15.221337+00:00
2024-11-25,^KS200,336.630005,yahoo,KRW,2026-06-10T03:14:15.221337+00:00
2024-11-26,^KS200,335.600006,yahoo,KRW,2026-06-10T03:14:15.221337+00:00
2024-11-27,^KS200,332.320007,yahoo,KRW,2026-06-10T03:14:15.221337+00:00
2024-11-28,^KS200,331.450012,yahoo,KRW,2026-06-10T03:14:15.221337+00:00
2024-11-29,^KS200,325.450012,yahoo,KRW,2026-06-10T03:14:15.221337+00:00
2024-12-02,^KS200,325.339996,yahoo,KRW,2026-06-10T03:14:15.221337+00:00
2024-12-03,^KS200,331.440002,yahoo,KRW,2026-06-10T03:14:15.221337+00:00
2024-12-04,^KS200,326.589996,yahoo,KRW,2026-06-10T03:14:15.221337+00:00
2024-12-05,^KS200,323.869995,yahoo,KRW,2026-06-10T03:14:15.221337+00:00
2024-12-06,^KS200,322.070007,yahoo,KRW,2026-06-10T03:14:15.221337+00:00
2024-12-09,^KS200,313.73999,yahoo,KRW,2026-06-10T03:14:15.221337+00:00
2024-12-10,^KS200,320.790009,yahoo,KRW,2026-06-10T03:14:15.221337+00:00
2024-12-11,^KS200,323.859985,yahoo,KRW,2026-06-10T03:14:15.221337+00:00
2024-12-12,^KS200,329.040009,yahoo,KRW,2026-06-10T03:14:15.221337+00:00
2024-12-13,^KS200,330.48999,yahoo,KRW,2026-06-10T03:14:15.221337+00:00
2024-12-16,^KS200,329.609985,yahoo,KRW,2026-06-10T03:14:15.221337+00:00
2024-12-17,^KS200,325.25,yahoo,KRW,2026-06-10T03:14:15.221337+00:00
2024-12-18,^KS200,329.720001,yahoo,KRW,2026-06-10T03:14:15.221337+00:00
2024-12-19,^KS200,322.380005,yahoo,KRW,2026-06-10T03:14:15.221337+00:00
2024-12-20,^KS200,318.329987,yahoo,KRW,2026-06-10T03:14:15.221337+00:00
2024-12-23,^KS200,322.980011,yahoo,KRW,2026-06-10T03:14:15.221337+00:00
2024-12-24,^KS200,323.390015,yahoo,KRW,2026-06-10T03:14:15.221337+00:00
2024-12-26,^KS200,321.450012,yahoo,KRW,2026-06-10T03:14:15.221337+00:00
2024-12-27,^KS200,319.029999,yahoo,KRW,2026-06-10T03:14:15.221337+00:00
2024-12-30,^KS200,317.820007,yahoo,KRW,2026-06-10T03:14:15.221337+00:00
2025-01-02,^KS200,317.769989,yahoo,KRW,2026-06-10T03:14:15.221337+00:00
2025-01-03,^KS200,324.0,yahoo,KRW,2026-06-10T03:14:15.221337+00:00
2025-01-06,^KS200,331.519989,yahoo,KRW,2026-06-10T03:14:15.221337+00:00
2025-01-07,^KS200,330.890015,yahoo,KRW,2026-06-10T03:14:15.221337+00:00
2025-01-08,^KS200,334.950012,yahoo,KRW,2026-06-10T03:14:15.221337+00:00
2025-01-09,^KS200,335.399994,yahoo,KRW,2026-06-10T03:14:15.221337+00:00
2025-01-10,^KS200,334.549988,yahoo,KRW,2026-06-10T03:14:15.221337+00:00
2025-01-13,^KS200,330.309998,yahoo,KRW,2026-06-10T03:14:15.221337+00:00
2025-01-14,^KS200,330.73999,yahoo,KRW,2026-06-10T03:14:15.221337+00:00
2025-01-15,^KS200,330.970001,yahoo,KRW,2026-06-10T03:14:15.221337+00:00
2025-01-16,^KS200,335.730011,yahoo,KRW,2026-06-10T03:14:15.221337+00:00
2025-01-17,^KS200,335.089996,yahoo,KRW,2026-06-10T03:14:15.221337+00:00
2025-01-20,^KS200,333.940002,yahoo,KRW,2026-06-10T03:14:15.221337+00:00
2025-01-21,^KS200,334.440002,yahoo,KRW,2026-06-10T03:14:15.221337+00:00
2025-01-22,^KS200,338.76001,yahoo,KRW,2026-06-10T03:14:15.221337+00:00
2025-01-23,^KS200,334.5,yahoo,KRW,2026-06-10T03:14:15.221337+00:00
2025-01-24,^KS200,336.73999,yahoo,KRW,2026-06-10T03:14:15.221337+00:00
2025-01-31,^KS200,333.359985,yahoo,KRW,2026-06-10T03:14:15.221337+00:00
2025-02-03,^KS200,324.549988,yahoo,KRW,2026-06-10T03:14:15.221337+00:00
2025-02-04,^KS200,328.720001,yahoo,KRW,2026-06-10T03:14:15.221337+00:00
2025-02-05,^KS200,332.470001,yahoo,KRW,2026-06-10T03:14:15.221337+00:00
2025-02-06,^KS200,336.529999,yahoo,KRW,2026-06-10T03:14:15.221337+00:00
2025-02-07,^KS200,333.890015,yahoo,KRW,2026-06-10T03:14:15.221337+00:00
2025-02-10,^KS200,334.5,yahoo,KRW,2026-06-10T03:14:15.221337+00:00
2025-02-11,^KS200,336.670013,yahoo,KRW,2026-06-10T03:14:15.221337+00:00
2025-02-12,^KS200,337.230011,yahoo,KRW,2026-06-10T03:14:15.221337+00:00
2025-02-13,^KS200,341.059998,yahoo,KRW,2026-06-10T03:14:15.221337+00:00
2025-02-14,^KS200,342.76001,yahoo,KRW,2026-06-10T03:14:15.221337+00:00
2025-02-17,^KS200,345.109985,yahoo,KRW,2026-06-10T03:14:15.221337+00:00
2025-02-18,^KS200,347.839996,yahoo,KRW,2026-06-10T03:14:15.221337+00:00
2025-02-19,^KS200,354.529999,yahoo,KRW,2026-06-10T03:14:15.221337+00:00
2025-02-20,^KS200,352.149994,yahoo,KRW,2026-06-10T03:14:15.221337+00:00
2025-02-21,^KS200,351.920013,yahoo,KRW,2026-06-10T03:14:15.221337+00:00
2025-02-24,^KS200,349.899994,yahoo,KRW,2026-06-10T03:14:15.221337+00:00
2025-02-25,^KS200,347.540009,yahoo,KRW,2026-06-10T03:14:15.221337+00:00
2025-02-26,^KS200,349.309998,yahoo,KRW,2026-06-10T03:14:15.221337+00:00
2025-02-27,^KS200,346.450012,yahoo,KRW,2026-06-10T03:14:15.221337+00:00
2025-02-28,^KS200,334.269989,yahoo,KRW,2026-06-10T03:14:15.221337+00:00
2025-03-04,^KS200,334.019989,yahoo,KRW,2026-06-10T03:14:15.221337+00:00
2025-03-05,^KS200,337.079987,yahoo,KRW,2026-06-10T03:14:15.221337+00:00
2025-03-06,^KS200,340.309998,yahoo,KRW,2026-06-10T03:14:15.221337+00:00
2025-03-07,^KS200,338.420013,yahoo,KRW,2026-06-10T03:14:15.221337+00:00
2025-03-10,^KS200,338.790009,yahoo,KRW,2026-06-10T03:14:15.221337+00:00
2025-03-11,^KS200,334.959991,yahoo,KRW,2026-06-10T03:14:15.221337+00:00
2025-03-12,^KS200,340.890015,yahoo,KRW,2026-06-10T03:14:15.221337+00:00
2025-03-13,^KS200,341.420013,yahoo,KRW,2026-06-10T03:14:15.221337+00:00
2025-03-14,^KS200,340.799988,yahoo,KRW,2026-06-10T03:14:15.221337+00:00
2025-03-17,^KS200,348.190002,yahoo,KRW,2026-06-10T03:14:15.221337+00:00
2025-03-18,^KS200,347.839996,yahoo,KRW,2026-06-10T03:14:15.221337+00:00
2025-03-19,^KS200,350.850006,yahoo,KRW,2026-06-10T03:14:15.221337+00:00
2025-03-20,^KS200,353.5,yahoo,KRW,2026-06-10T03:14:15.221337+00:00
2025-03-21,^KS200,355.179993,yahoo,KRW,2026-06-10T03:14:15.221337+00:00
2025-03-24,^KS200,353.23999,yahoo,KRW,2026-06-10T03:14:15.221337+00:00
2025-03-25,^KS200,351.089996,yahoo,KRW,2026-06-10T03:14:15.221337+00:00
2025-03-26,^KS200,355.0,yahoo,KRW,2026-06-10T03:14:15.221337+00:00
2025-03-27,^KS200,350.26001,yahoo,KRW,2026-06-10T03:14:15.221337+00:00
2025-03-28,^KS200,342.959991,yahoo,KRW,2026-06-10T03:14:15.221337+00:00
2025-03-31,^KS200,332.399994,yahoo,KRW,2026-06-10T03:14:15.221337+00:00
2025-04-01,^KS200,338.220001,yahoo,KRW,2026-06-10T03:14:15.221337+00:00
2025-04-02,^KS200,336.26001,yahoo,KRW,2026-06-10T03:14:15.221337+00:00
2025-04-03,^KS200,332.920013,yahoo,KRW,2026-06-10T03:14:15.221337+00:00
2025-04-04,^KS200,328.670013,yahoo,KRW,2026-06-10T03:14:15.221337+00:00
2025-04-07,^KS200,309.600006,yahoo,KRW,2026-06-10T03:14:15.221337+00:00
2025-04-08,^KS200,310.029999,yahoo,KRW,2026-06-10T03:14:15.221337+00:00
2025-04-09,^KS200,304.529999,yahoo,KRW,2026-06-10T03:14:15.221337+00:00
2025-04-10,^KS200,325.079987,yahoo,KRW,2026-06-10T03:14:15.221337+00:00
2025-04-11,^KS200,322.320007,yahoo,KRW,2026-06-10T03:14:15.221337+00:00
2025-04-14,^KS200,325.329987,yahoo,KRW,2026-06-10T03:14:15.221337+00:00
2025-04-15,^KS200,328.140015,yahoo,KRW,2026-06-10T03:14:15.221337+00:00
2025-04-16,^KS200,323.529999,yahoo,KRW,2026-06-10T03:14:15.221337+00:00
2025-04-17,^KS200,326.299988,yahoo,KRW,2026-06-10T03:14:15.221337+00:00
2025-04-18,^KS200,328.350006,yahoo,KRW,2026-06-10T03:14:15.221337+00:00
2025-04-21,^KS200,329.309998,yahoo,KRW,2026-06-10T03:14:15.221337+00:00
2025-04-22,^KS200,328.609985,yahoo,KRW,2026-06-10T03:14:15.221337+00:00
2025-04-23,^KS200,333.940002,yahoo,KRW,2026-06-10T03:14:15.221337+00:00
2025-04-24,^KS200,333.720001,yahoo,KRW,2026-06-10T03:14:15.221337+00:00
2025-04-25,^KS200,336.869995,yahoo,KRW,2026-06-10T03:14:15.221337+00:00
2025-04-28,^KS200,337.079987,yahoo,KRW,2026-06-10T03:14:15.221337+00:00
2025-04-29,^KS200,339.059998,yahoo,KRW,2026-06-10T03:14:15.221337+00:00
2025-04-30,^KS200,338.73999,yahoo,KRW,2026-06-10T03:14:15.221337+00:00
2025-05-02,^KS200,338.790009,yahoo,KRW,2026-06-10T03:14:15.221337+00:00
2025-05-07,^KS200,341.309998,yahoo,KRW,2026-06-10T03:14:15.221337+00:00
2025-05-08,^KS200,341.470001,yahoo,KRW,2026-06-10T03:14:15.221337+00:00
2025-05-09,^KS200,341.48999,yahoo,KRW,2026-06-10T03:14:15.221337+00:00
2025-05-12,^KS200,347.079987,yahoo,KRW,2026-06-10T03:14:15.221337+00:00
2025-05-13,^KS200,347.170013,yahoo,KRW,2026-06-10T03:14:15.221337+00:00
2025-05-14,^KS200,351.790009,yahoo,KRW,2026-06-10T03:14:15.221337+00:00
2025-05-15,^KS200,349.160004,yahoo,KRW,2026-06-10T03:14:15.221337+00:00
2025-05-16,^KS200,350.450012,yahoo,KRW,2026-06-10T03:14:15.221337+00:00
2025-05-19,^KS200,346.570007,yahoo,KRW,2026-06-10T03:14:15.221337+00:00
2025-05-20,^KS200,347.019989,yahoo,KRW,2026-06-10T03:14:15.221337+00:00
2025-05-21,^KS200,349.380005,yahoo,KRW,2026-06-10T03:14:15.221337+00:00
2025-05-22,^KS200,344.799988,yahoo,KRW,2026-06-10T03:14:15.221337+00:00
2025-05-23,^KS200,345.279999,yahoo,KRW,2026-06-10T03:14:15.221337+00:00
2025-05-26,^KS200,352.109985,yahoo,KRW,2026-06-10T03:14:15.221337+00:00
2025-05-27,^KS200,351.279999,yahoo,KRW,2026-06-10T03:14:15.221337+00:00
2025-05-28,^KS200,356.359985,yahoo,KRW,2026-06-10T03:14:15.221337+00:00
2025-05-29,^KS200,363.079987,yahoo,KRW,2026-06-10T03:14:15.221337+00:00
2025-05-30,^KS200,359.619995,yahoo,KRW,2026-06-10T03:14:15.221337+00:00
2025-06-02,^KS200,359.690002,yahoo,KRW,2026-06-10T03:14:15.221337+00:00
2025-06-04,^KS200,369.899994,yahoo,KRW,2026-06-10T03:14:15.221337+00:00
2025-06-05,^KS200,376.540009,yahoo,KRW,2026-06-10T03:14:15.221337+00:00
2025-06-09,^KS200,382.98999,yahoo,KRW,2026-06-10T03:14:15.221337+00:00
2025-06-10,^KS200,384.790009,yahoo,KRW,2026-06-10T03:14:15.221337+00:00
2025-06-11,^KS200,389.790009,yahoo,KRW,2026-06-10T03:14:15.221337+00:00
2025-06-12,^KS200,390.619995,yahoo,KRW,2026-06-10T03:14:15.221337+00:00
2025-06-13,^KS200,387.299988,yahoo,KRW,2026-06-10T03:14:15.221337+00:00
2025-06-16,^KS200,394.160004,yahoo,KRW,2026-06-10T03:14:15.221337+00:00
2025-06-17,^KS200,395.179993,yahoo,KRW,2026-06-10T03:14:15.221337+00:00
2025-06-18,^KS200,398.859985,yahoo,KRW,2026-06-10T03:14:15.221337+00:00
2025-06-19,^KS200,399.290009,yahoo,KRW,2026-06-10T03:14:15.221337+00:00
2025-06-20,^KS200,405.320007,yahoo,KRW,2026-06-10T03:14:15.221337+00:00
2025-06-23,^KS200,404.320007,yahoo,KRW,2026-06-10T03:14:15.221337+00:00
2025-06-24,^KS200,417.76001,yahoo,KRW,2026-06-10T03:14:15.221337+00:00
2025-06-25,^KS200,419.51001,yahoo,KRW,2026-06-10T03:14:15.221337+00:00
2025-06-26,^KS200,415.660004,yahoo,KRW,2026-06-10T03:14:15.221337+00:00
2025-06-27,^KS200,412.720001,yahoo,KRW,2026-06-10T03:14:15.221337+00:00
2025-06-30,^KS200,414.600006,yahoo,KRW,2026-06-10T03:14:15.221337+00:00
2025-07-01,^KS200,416.26001,yahoo,KRW,2026-06-10T03:14:15.221337+00:00
2025-07-02,^KS200,414.429993,yahoo,KRW,2026-06-10T03:14:15.221337+00:00
2025-07-03,^KS200,420.940002,yahoo,KRW,2026-06-10T03:14:15.221337+00:00
2025-07-04,^KS200,412.73999,yahoo,KRW,2026-06-10T03:14:15.221337+00:00
2025-07-07,^KS200,413.019989,yahoo,KRW,2026-06-10T03:14:15.221337+00:00
2025-07-08,^KS200,421.220001,yahoo,KRW,2026-06-10T03:14:15.221337+00:00
2025-07-09,^KS200,422.019989,yahoo,KRW,2026-06-10T03:14:15.221337+00:00
2025-07-10,^KS200,428.420013,yahoo,KRW,2026-06-10T03:14:15.221337+00:00
2025-07-11,^KS200,428.070007,yahoo,KRW,2026-06-10T03:14:15.221337+00:00
2025-07-14,^KS200,432.48999,yahoo,KRW,2026-06-10T03:14:15.221337+00:00
2025-07-15,^KS200,434.779999,yahoo,KRW,2026-06-10T03:14:15.221337+00:00
2025-07-16,^KS200,431.160004,yahoo,KRW,2026-06-10T03:14:15.221337+00:00
2025-07-17,^KS200,431.640015,yahoo,KRW,2026-06-10T03:14:15.221337+00:00
2025-07-18,^KS200,431.100006,yahoo,KRW,2026-06-10T03:14:15.221337+00:00
2025-07-21,^KS200,434.559998,yahoo,KRW,2026-06-10T03:14:15.221337+00:00
2025-07-22,^KS200,428.049988,yahoo,KRW,2026-06-10T03:14:15.221337+00:00
2025-07-23,^KS200,430.040009,yahoo,KRW,2026-06-10T03:14:15.221337+00:00
2025-07-24,^KS200,430.029999,yahoo,KRW,2026-06-10T03:14:15.221337+00:00
2025-07-25,^KS200,430.779999,yahoo,KRW,2026-06-10T03:14:15.221337+00:00
2025-07-28,^KS200,433.369995,yahoo,KRW,2026-06-10T03:14:15.221337+00:00
2025-07-29,^KS200,435.839996,yahoo,KRW,2026-06-10T03:14:15.221337+00:00
2025-07-30,^KS200,439.809998,yahoo,KRW,2026-06-10T03:14:15.221337+00:00
2025-07-31,^KS200,438.600006,yahoo,KRW,2026-06-10T03:14:15.221337+00:00
2025-08-01,^KS200,420.720001,yahoo,KRW,2026-06-10T03:14:15.221337+00:00
2025-08-04,^KS200,424.790009,yahoo,KRW,2026-06-10T03:14:15.221337+00:00
2025-08-05,^KS200,431.25,yahoo,KRW,2026-06-10T03:14:15.221337+00:00
2025-08-06,^KS200,430.679993,yahoo,KRW,2026-06-10T03:14:15.221337+00:00
2025-08-07,^KS200,435.350006,yahoo,KRW,2026-06-10T03:14:15.221337+00:00
2025-08-08,^KS200,433.470001,yahoo,KRW,2026-06-10T03:14:15.221337+00:00
2025-08-11,^KS200,433.290009,yahoo,KRW,2026-06-10T03:14:15.221337+00:00
2025-08-12,^KS200,431.630005,yahoo,KRW,2026-06-10T03:14:15.221337+00:00
2025-08-13,^KS200,436.920013,yahoo,KRW,2026-06-10T03:14:15.221337+00:00
2025-08-14,^KS200,436.570007,yahoo,KRW,2026-06-10T03:14:15.221337+00:00
2025-08-18,^KS200,429.190002,yahoo,KRW,2026-06-10T03:14:15.221337+00:00
2025-08-19,^KS200,426.179993,yahoo,KRW,2026-06-10T03:14:15.221337+00:00
2025-08-20,^KS200,423.660004,yahoo,KRW,2026-06-10T03:14:15.221337+00:00
2025-08-21,^KS200,424.410004,yahoo,KRW,2026-06-10T03:14:15.221337+00:00
2025-08-22,^KS200,428.5,yahoo,KRW,2026-06-10T03:14:15.221337+00:00
2025-08-25,^KS200,433.890015,yahoo,KRW,2026-06-10T03:14:15.221337+00:00
2025-08-26,^KS200,429.410004,yahoo,KRW,2026-06-10T03:14:15.221337+00:00
2025-08-27,^KS200,430.309998,yahoo,KRW,2026-06-10T03:14:15.221337+00:00
2025-08-28,^KS200,431.809998,yahoo,KRW,2026-06-10T03:14:15.221337+00:00
2025-08-29,^KS200,430.119995,yahoo,KRW,2026-06-10T03:14:15.221337+00:00
2025-09-01,^KS200,423.329987,yahoo,KRW,2026-06-10T03:14:15.221337+00:00
2025-09-02,^KS200,428.149994,yahoo,KRW,2026-06-10T03:14:15.221337+00:00
2025-09-03,^KS200,430.369995,yahoo,KRW,2026-06-10T03:14:15.221337+00:00
2025-09-04,^KS200,432.320007,yahoo,KRW,2026-06-10T03:14:15.221337+00:00
2025-09-05,^KS200,432.859985,yahoo,KRW,2026-06-10T03:14:15.221337+00:00
2025-09-08,^KS200,434.850006,yahoo,KRW,2026-06-10T03:14:15.221337+00:00
2025-09-09,^KS200,441.279999,yahoo,KRW,2026-06-10T03:14:15.221337+00:00
2025-09-10,^KS200,450.049988,yahoo,KRW,2026-06-10T03:14:15.221337+00:00
2025-09-11,^KS200,454.0,yahoo,KRW,2026-06-10T03:14:15.221337+00:00
2025-09-12,^KS200,462.73999,yahoo,KRW,2026-06-10T03:14:15.221337+00:00
2025-09-15,^KS200,464.649994,yahoo,KRW,2026-06-10T03:14:15.221337+00:00
2025-09-16,^KS200,472.850006,yahoo,KRW,2026-06-10T03:14:15.221337+00:00
2025-09-17,^KS200,466.98999,yahoo,KRW,2026-06-10T03:14:15.221337+00:00
2025-09-18,^KS200,475.339996,yahoo,KRW,2026-06-10T03:14:15.221337+00:00
2025-09-19,^KS200,473.440002,yahoo,KRW,2026-06-10T03:14:15.221337+00:00
2025-09-22,^KS200,478.290009,yahoo,KRW,2026-06-10T03:14:15.221337+00:00
2025-09-23,^KS200,481.540009,yahoo,KRW,2026-06-10T03:14:15.221337+00:00
2025-09-24,^KS200,480.390015,yahoo,KRW,2026-06-10T03:14:15.221337+00:00
2025-09-25,^KS200,480.630005,yahoo,KRW,2026-06-10T03:14:15.221337+00:00
2025-09-26,^KS200,468.029999,yahoo,KRW,2026-06-10T03:14:15.221337+00:00
2025-09-29,^KS200,475.220001,yahoo,KRW,2026-06-10T03:14:15.221337+00:00
2025-09-30,^KS200,474.029999,yahoo,KRW,2026-06-10T03:14:15.221337+00:00
2025-10-01,^KS200,479.369995,yahoo,KRW,2026-06-10T03:14:15.221337+00:00
2025-10-02,^KS200,493.410004,yahoo,KRW,2026-06-10T03:14:15.221337+00:00
2025-10-10,^KS200,506.970001,yahoo,KRW,2026-06-10T03:14:15.221337+00:00
2025-10-13,^KS200,501.869995,yahoo,KRW,2026-06-10T03:14:15.221337+00:00
2025-10-14,^KS200,496.890015,yahoo,KRW,2026-06-10T03:14:15.221337+00:00
2025-10-15,^KS200,510.549988,yahoo,KRW,2026-06-10T03:14:15.221337+00:00
2025-10-16,^KS200,524.450012,yahoo,KRW,2026-06-10T03:14:15.221337+00:00
2025-10-17,^KS200,525.47998,yahoo,KRW,2026-06-10T03:14:15.221337+00:00
2025-10-20,^KS200,535.280029,yahoo,KRW,2026-06-10T03:14:15.221337+00:00
2025-10-21,^KS200,535.280029,yahoo,KRW,2026-06-10T03:14:15.221337+00:00
2025-10-22,^KS200,542.590027,yahoo,KRW,2026-06-10T03:14:15.221337+00:00
2025-10-23,^KS200,536.369995,yahoo,KRW,2026-06-10T03:14:15.221337+00:00
2025-10-24,^KS200,550.01001,yahoo,KRW,2026-06-10T03:14:15.221337+00:00
2025-10-27,^KS200,565.690002,yahoo,KRW,2026-06-10T03:14:15.221337+00:00
2025-10-28,^KS200,559.51001,yahoo,KRW,2026-06-10T03:14:15.221337+00:00
2025-10-29,^KS200,571.51001,yahoo,KRW,2026-06-10T03:14:15.221337+00:00
2025-10-30,^KS200,575.210022,yahoo,KRW,2026-06-10T03:14:15.221337+00:00
2025-10-31,^KS200,579.460022,yahoo,KRW,2026-06-10T03:14:15.221337+00:00
2025-11-03,^KS200,599.030029,yahoo,KRW,2026-06-10T03:14:15.221337+00:00
2025-11-04,^KS200,581.940002,yahoo,KRW,2026-06-10T03:14:15.221337+00:00
2025-11-05,^KS200,565.400024,yahoo,KRW,2026-06-10T03:14:15.221337+00:00
2025-11-06,^KS200,568.380005,yahoo,KRW,2026-06-10T03:14:15.221337+00:00
2025-11-07,^KS200,557.97998,yahoo,KRW,2026-06-10T03:14:15.221337+00:00
2025-11-10,^KS200,575.309998,yahoo,KRW,2026-06-10T03:14:15.221337+00:00
2025-11-11,^KS200,581.409973,yahoo,KRW,2026-06-10T03:14:15.221337+00:00
2025-11-12,^KS200,586.72998,yahoo,KRW,2026-06-10T03:14:15.221337+00:00
2025-11-13,^KS200,588.650024,yahoo,KRW,2026-06-10T03:14:15.221337+00:00
2025-11-14,^KS200,563.429993,yahoo,KRW,2026-06-10T03:14:15.221337+00:00
2025-11-17,^KS200,576.650024,yahoo,KRW,2026-06-10T03:14:15.221337+00:00
2025-11-18,^KS200,556.450012,yahoo,KRW,2026-06-10T03:14:15.221337+00:00
2025-11-19,^KS200,552.659973,yahoo,KRW,2026-06-10T03:14:15.221337+00:00
2025-11-20,^KS200,564.200012,yahoo,KRW,2026-06-10T03:14:15.221337+00:00
2025-11-21,^KS200,540.359985,yahoo,KRW,2026-06-10T03:14:15.221337+00:00
2025-11-24,^KS200,540.809998,yahoo,KRW,2026-06-10T03:14:15.221337+00:00
2025-11-25,^KS200,544.619995,yahoo,KRW,2026-06-10T03:14:15.221337+00:00
2025-11-26,^KS200,559.369995,yahoo,KRW,2026-06-10T03:14:15.221337+00:00
2025-11-27,^KS200,563.359985,yahoo,KRW,2026-06-10T03:14:15.221337+00:00
2025-11-28,^KS200,554.0,yahoo,KRW,2026-06-10T03:14:15.221337+00:00
2025-12-01,^KS200,553.960022,yahoo,KRW,2026-06-10T03:14:15.221337+00:00
2025-12-02,^KS200,565.719971,yahoo,KRW,2026-06-10T03:14:15.221337+00:00
2025-12-03,^KS200,570.789978,yahoo,KRW,2026-06-10T03:14:15.221337+00:00
2025-12-04,^KS200,569.75,yahoo,KRW,2026-06-10T03:14:15.221337+00:00
2025-12-05,^KS200,580.809998,yahoo,KRW,2026-06-10T03:14:15.221337+00:00
2025-12-08,^KS200,589.169983,yahoo,KRW,2026-06-10T03:14:15.221337+00:00
2025-12-09,^KS200,585.76001,yahoo,KRW,2026-06-10T03:14:15.221337+00:00
2025-12-10,^KS200,585.52002,yahoo,KRW,2026-06-10T03:14:15.221337+00:00
2025-12-11,^KS200,580.159973,yahoo,KRW,2026-06-10T03:14:15.221337+00:00
2025-12-12,^KS200,587.929993,yahoo,KRW,2026-06-10T03:14:15.221337+00:00
2025-12-15,^KS200,574.48999,yahoo,KRW,2026-06-10T03:14:15.221337+00:00
2025-12-16,^KS200,561.52002,yahoo,KRW,2026-06-10T03:14:15.221337+00:00
2025-12-17,^KS200,572.619995,yahoo,KRW,2026-06-10T03:14:15.221337+00:00
2025-12-18,^KS200,565.650024,yahoo,KRW,2026-06-10T03:14:15.221337+00:00
2025-12-19,^KS200,568.400024,yahoo,KRW,2026-06-10T03:14:15.221337+00:00
2025-12-22,^KS200,582.72998,yahoo,KRW,2026-06-10T03:14:15.221337+00:00
2025-12-23,^KS200,584.640015,yahoo,KRW,2026-06-10T03:14:15.221337+00:00
2025-12-24,^KS200,584.210022,yahoo,KRW,2026-06-10T03:14:15.221337+00:00
2025-12-26,^KS200,590.080017,yahoo,KRW,2026-06-10T03:14:15.221337+00:00
2025-12-29,^KS200,605.690002,yahoo,KRW,2026-06-10T03:14:15.221337+00:00
2025-12-30,^KS200,605.97998,yahoo,KRW,2026-06-10T03:14:15.221337+00:00
2026-01-02,^KS200,624.169983,yahoo,KRW,2026-06-10T03:14:15.221337+00:00
2026-01-05,^KS200,648.73999,yahoo,KRW,2026-06-10T03:14:15.221337+00:00
2026-01-06,^KS200,659.450012,yahoo,KRW,2026-06-10T03:14:15.221337+00:00
2026-01-07,^KS200,664.47998,yahoo,KRW,2026-06-10T03:14:15.221337+00:00
2026-01-08,^KS200,664.179993,yahoo,KRW,2026-06-10T03:14:15.221337+00:00
2026-01-09,^KS200,668.25,yahoo,KRW,2026-06-10T03:14:15.221337+00:00
2026-01-12,^KS200,672.859985,yahoo,KRW,2026-06-10T03:14:15.221337+00:00
2026-01-13,^KS200,680.710022,yahoo,KRW,2026-06-10T03:14:15.221337+00:00
2026-01-14,^KS200,685.76001,yahoo,KRW,2026-06-10T03:14:15.221337+00:00
2026-01-15,^KS200,696.390015,yahoo,KRW,2026-06-10T03:14:15.221337+00:00
2026-01-16,^KS200,704.640015,yahoo,KRW,2026-06-10T03:14:15.221337+00:00
2026-01-19,^KS200,713.960022,yahoo,KRW,2026-06-10T03:14:15.221337+00:00
2026-01-20,^KS200,708.47998,yahoo,KRW,2026-06-10T03:14:15.221337+00:00
2026-01-21,^KS200,714.940002,yahoo,KRW,2026-06-10T03:14:15.221337+00:00
2026-01-22,^KS200,722.299988,yahoo,KRW,2026-06-10T03:14:15.221337+00:00
2026-01-23,^KS200,727.289978,yahoo,KRW,2026-06-10T03:14:15.221337+00:00
2026-01-26,^KS200,720.039978,yahoo,KRW,2026-06-10T03:14:15.221337+00:00
2026-01-27,^KS200,745.130005,yahoo,KRW,2026-06-10T03:14:15.221337+00:00
2026-01-28,^KS200,758.719971,yahoo,KRW,2026-06-10T03:14:15.221337+00:00
2026-01-29,^KS200,765.590027,yahoo,KRW,2026-06-10T03:14:15.221337+00:00
2026-01-30,^KS200,768.409973,yahoo,KRW,2026-06-10T03:14:15.221337+00:00
2026-02-02,^KS200,725.460022,yahoo,KRW,2026-06-10T03:14:15.221337+00:00
2026-02-03,^KS200,779.539978,yahoo,KRW,2026-06-10T03:14:15.221337+00:00
2026-02-04,^KS200,790.380005,yahoo,KRW,2026-06-10T03:14:15.221337+00:00
2026-02-05,^KS200,756.950012,yahoo,KRW,2026-06-10T03:14:15.221337+00:00
2026-02-06,^KS200,748.099976,yahoo,KRW,2026-06-10T03:14:15.221337+00:00
2026-02-09,^KS200,780.940002,yahoo,KRW,2026-06-10T03:14:15.221337+00:00
2026-02-10,^KS200,780.76001,yahoo,KRW,2026-06-10T03:14:15.221337+00:00
2026-02-11,^KS200,788.75,yahoo,KRW,2026-06-10T03:14:15.221337+00:00
2026-02-12,^KS200,816.280029,yahoo,KRW,2026-06-10T03:14:15.221337+00:00
2026-02-13,^KS200,814.590027,yahoo,KRW,2026-06-10T03:14:15.221337+00:00
2026-02-19,^KS200,840.23999,yahoo,KRW,2026-06-10T03:14:15.221337+00:00
2026-02-20,^KS200,859.590027,yahoo,KRW,2026-06-10T03:14:15.221337+00:00
2026-02-23,^KS200,865.48999,yahoo,KRW,2026-06-10T03:14:15.221337+00:00
2026-02-24,^KS200,886.880005,yahoo,KRW,2026-06-10T03:14:15.221337+00:00
2026-02-25,^KS200,903.830017,yahoo,KRW,2026-06-10T03:14:15.221337+00:00
2026-02-26,^KS200,944.02002,yahoo,KRW,2026-06-10T03:14:15.221337+00:00
2026-02-27,^KS200,933.340027,yahoo,KRW,2026-06-10T03:14:15.221337+00:00
2026-03-03,^KS200,859.400024,yahoo,KRW,2026-06-10T03:14:15.221337+00:00
2026-03-04,^KS200,756.789978,yahoo,KRW,2026-06-10T03:14:15.221337+00:00
2026-03-05,^KS200,831.219971,yahoo,KRW,2026-06-10T03:14:15.221337+00:00
2026-03-06,^KS200,828.830017,yahoo,KRW,2026-06-10T03:14:15.221337+00:00
2026-03-09,^KS200,775.309998,yahoo,KRW,2026-06-10T03:14:15.221337+00:00
2026-03-10,^KS200,823.02002,yahoo,KRW,2026-06-10T03:14:15.221337+00:00
2026-03-11,^KS200,834.049988,yahoo,KRW,2026-06-10T03:14:15.221337+00:00
2026-03-12,^KS200,827.51001,yahoo,KRW,2026-06-10T03:14:15.221337+00:00
2026-03-13,^KS200,812.929993,yahoo,KRW,2026-06-10T03:14:15.221337+00:00
2026-03-16,^KS200,826.830017,yahoo,KRW,2026-06-10T03:14:15.221337+00:00
2026-03-17,^KS200,840.890015,yahoo,KRW,2026-06-10T03:14:15.221337+00:00
2026-03-18,^KS200,888.570007,yahoo,KRW,2026-06-10T03:14:15.221337+00:00
2026-03-19,^KS200,862.369995,yahoo,KRW,2026-06-10T03:14:15.221337+00:00
2026-03-20,^KS200,862.5,yahoo,KRW,2026-06-10T03:14:15.221337+00:00
2026-03-23,^KS200,804.859985,yahoo,KRW,2026-06-10T03:14:15.221337+00:00
2026-03-24,^KS200,827.640015,yahoo,KRW,2026-06-10T03:14:15.221337+00:00
2026-03-25,^KS200,838.700012,yahoo,KRW,2026-06-10T03:14:15.221337+00:00
2026-03-26,^KS200,808.890015,yahoo,KRW,2026-06-10T03:14:15.221337+00:00
2026-03-27,^KS200,805.190002,yahoo,KRW,2026-06-10T03:14:15.221337+00:00
2026-03-30,^KS200,780.320007,yahoo,KRW,2026-06-10T03:14:15.221337+00:00
2026-03-31,^KS200,744.570007,yahoo,KRW,2026-06-10T03:14:15.221337+00:00
2026-04-01,^KS200,813.840027,yahoo,KRW,2026-06-10T03:14:15.221337+00:00
2026-04-02,^KS200,774.630005,yahoo,KRW,2026-06-10T03:14:15.221337+00:00
2026-04-03,^KS200,798.320007,yahoo,KRW,2026-06-10T03:14:15.221337+00:00
2026-04-06,^KS200,811.840027,yahoo,KRW,2026-06-10T03:14:15.221337+00:00
2026-04-07,^KS200,821.099976,yahoo,KRW,2026-06-10T03:14:15.221337+00:00
2026-04-08,^KS200,882.809998,yahoo,KRW,2026-06-10T03:14:15.221337+00:00
2026-04-09,^KS200,865.75,yahoo,KRW,2026-06-10T03:14:15.221337+00:00
2026-04-10,^KS200,878.780029,yahoo,KRW,2026-06-10T03:14:15.221337+00:00
2026-04-13,^KS200,870.780029,yahoo,KRW,2026-06-10T03:14:15.221337+00:00
2026-04-14,^KS200,897.0,yahoo,KRW,2026-06-10T03:14:15.221337+00:00
2026-04-15,^KS200,916.599976,yahoo,KRW,2026-06-10T03:14:15.221337+00:00
2026-04-16,^KS200,937.869995,yahoo,KRW,2026-06-10T03:14:15.221337+00:00
2026-04-17,^KS200,931.409973,yahoo,KRW,2026-06-10T03:14:15.221337+00:00
2026-04-20,^KS200,935.75,yahoo,KRW,2026-06-10T03:14:15.221337+00:00
2026-04-21,^KS200,962.26001,yahoo,KRW,2026-06-10T03:14:15.221337+00:00
2026-04-22,^KS200,964.52002,yahoo,KRW,2026-06-10T03:14:15.221337+00:00
2026-04-23,^KS200,975.619995,yahoo,KRW,2026-06-10T03:14:15.221337+00:00
2026-04-24,^KS200,971.869995,yahoo,KRW,2026-06-10T03:14:15.221337+00:00
2026-04-27,^KS200,995.330017,yahoo,KRW,2026-06-10T03:14:15.221337+00:00
2026-04-28,^KS200,999.030029,yahoo,KRW,2026-06-10T03:14:15.221337+00:00
2026-04-29,^KS200,1006.590027,yahoo,KRW,2026-06-10T03:14:15.221337+00:00
2026-04-30,^KS200,992.150024,yahoo,KRW,2026-06-10T03:14:15.221337+00:00
2026-05-04,^KS200,1049.660034,yahoo,KRW,2026-06-10T03:14:15.221337+00:00
2026-05-06,^KS200,1129.630005,yahoo,KRW,2026-06-10T03:14:15.221337+00:00
2026-05-07,^KS200,1149.859985,yahoo,KRW,2026-06-10T03:14:15.221337+00:00
2026-05-08,^KS200,1151.170044,yahoo,KRW,2026-06-10T03:14:15.221337+00:00
2026-05-11,^KS200,1211.439941,yahoo,KRW,2026-06-10T03:14:15.221337+00:00
2026-05-12,^KS200,1183.410034,yahoo,KRW,2026-06-10T03:14:15.221337+00:00
2026-05-13,^KS200,1220.170044,yahoo,KRW,2026-06-10T03:14:15.221337+00:00
2026-05-14,^KS200,1243.170044,yahoo,KRW,2026-06-10T03:14:15.221337+00:00
2026-05-15,^KS200,1162.390015,yahoo,KRW,2026-06-10T03:14:15.221337+00:00
2026-05-18,^KS200,1171.300049,yahoo,KRW,2026-06-10T03:14:15.221337+00:00
2026-05-19,^KS200,1132.420044,yahoo,KRW,2026-06-10T03:14:15.221337+00:00
2026-05-20,^KS200,1125.51001,yahoo,KRW,2026-06-10T03:14:15.221337+00:00
2026-05-21,^KS200,1225.219971,yahoo,KRW,2026-06-10T03:14:15.221337+00:00
2026-05-22,^KS200,1226.030029,yahoo,KRW,2026-06-10T03:14:15.221337+00:00
2026-05-26,^KS200,1260.530029,yahoo,KRW,2026-06-10T03:14:15.221337+00:00
2026-05-27,^KS200,1298.859985,yahoo,KRW,2026-06-10T03:14:15.221337+00:00
2026-05-28,^KS200,1292.569946,yahoo,KRW,2026-06-10T03:14:15.221337+00:00
2026-05-29,^KS200,1342.819946,yahoo,KRW,2026-06-10T03:14:15.221337+00:00
2026-06-01,^KS200,1399.910034,yahoo,KRW,2026-06-10T03:14:15.221337+00:00
2026-06-02,^KS200,1407.22998,yahoo,KRW,2026-06-10T03:14:15.221337+00:00
2026-06-04,^KS200,1379.560059,yahoo,KRW,2026-06-10T03:14:15.221337+00:00
2026-06-05,^KS200,1297.02002,yahoo,KRW,2026-06-10T03:14:15.221337+00:00
2026-06-08,^KS200,1186.540039,yahoo,KRW,2026-06-10T03:14:15.221337+00:00
2026-06-10,^KS200,1238.76001,yahoo,KRW,2026-06-10T03:14:15.221337+00:00
