date,ticker,close,source,currency,ingested_at
2021-05-31,KRW=X,1106.97998,yahoo,KRW,2026-06-10T03:14:15.221337+00:00
2021-06-01,KRW=X,1107.209961,yahoo,KRW,2026-06-10T03:14:15.221337+00:00
2021-06-02,KRW=X,1109.880005,yahoo,KRW,2026-06-10T03:14:15.221337+00:00
2021-06-03,KRW=X,1115.439941,yahoo,KRW,2026-06-10T03:14:15.221337+00:00
2021-06-06,KRW=X,1109.680054,yahoo,KRW,2026-06-10T03:14:15.221337+00:00
2021-06-07,KRW=X,1109.319946,yahoo,KRW,2026-06-10T03:14:15.221337+00:00
2021-06-08,KRW=X,1116.890015,yahoo,KRW,2026-06-10T03:14:15.221337+00:00
2021-06-09,KRW=X,1116.410034,yahoo,KRW,2026-06-10T03:14:15.221337+00:00
2021-06-10,KRW=X,1111.26001,yahoo,KRW,2026-06-10T03:14:15.221337+00:00
2021-06-13,KRW=X,1115.550049,yahoo,KRW,2026-06-10T03:14:15.221337+00:00
2021-06-14,KRW=X,1116.319946,yahoo,KRW,2026-06-10T03:14:15.221337+00:00
2021-06-15,KRW=X,1116.030029,yahoo,KRW,2026-06-10T03:14:15.221337+00:00
2021-06-16,KRW=X,1131.949951,yahoo,KRW,2026-06-10T03:14:15.221337+00:00
2021-06-17,KRW=X,1133.540039,yahoo,KRW,2026-06-10T03:14:15.221337+00:00
2021-06-20,KRW=X,1134.25,yahoo,KRW,2026-06-10T03:14:15.221337+00:00
2021-06-21,KRW=X,1130.339966,yahoo,KRW,2026-06-10T03:14:15.221337+00:00
2021-06-22,KRW=X,1132.51001,yahoo,KRW,2026-06-10T03:14:15.221337+00:00
2021-06-23,KRW=X,1132.609985,yahoo,KRW,2026-06-10T03:14:15.221337+00:00
2021-06-24,KRW=X,1130.800049,yahoo,KRW,2026-06-10T03:14:15.221337+00:00
2021-06-27,KRW=X,1125.339966,yahoo,KRW,2026-06-10T03:14:15.221337+00:00
2021-06-28,KRW=X,1129.040039,yahoo,KRW,2026-06-10T03:14:15.221337+00:00
2021-06-29,KRW=X,1130.51001,yahoo,KRW,2026-06-10T03:14:15.221337+00:00
2021-06-30,KRW=X,1129.599976,yahoo,KRW,2026-06-10T03:14:15.221337+00:00
2021-07-01,KRW=X,1132.410034,yahoo,KRW,2026-06-10T03:14:15.221337+00:00
2021-07-04,KRW=X,1129.77002,yahoo,KRW,2026-06-10T03:14:15.221337+00:00
2021-07-05,KRW=X,1129.439941,yahoo,KRW,2026-06-10T03:14:15.221337+00:00
2021-07-06,KRW=X,1135.47998,yahoo,KRW,2026-06-10T03:14:15.221337+00:00
2021-07-07,KRW=X,1140.52002,yahoo,KRW,2026-06-10T03:14:15.221337+00:00
2021-07-08,KRW=X,1146.280029,yahoo,KRW,2026-06-10T03:14:15.221337+00:00
2021-07-11,KRW=X,1144.310059,yahoo,KRW,2026-06-10T03:14:15.221337+00:00
2021-07-12,KRW=X,1141.099976,yahoo,KRW,2026-06-10T03:14:15.221337+00:00
2021-07-13,KRW=X,1148.699951,yahoo,KRW,2026-06-10T03:14:15.221337+00:00
2021-07-14,KRW=X,1143.410034,yahoo,KRW,2026-06-10T03:14:15.221337+00:00
2021-07-15,KRW=X,1140.119995,yahoo,KRW,2026-06-10T03:14:15.221337+00:00
2021-07-18,KRW=X,1141.5,yahoo,KRW,2026-06-10T03:14:15.221337+00:00
2021-07-19,KRW=X,1150.069946,yahoo,KRW,2026-06-10T03:14:15.221337+00:00
2021-07-20,KRW=X,1147.47998,yahoo,KRW,2026-06-10T03:14:15.221337+00:00
2021-07-21,KRW=X,1148.689941,yahoo,KRW,2026-06-10T03:14:15.221337+00:00
2021-07-22,KRW=X,1149.910034,yahoo,KRW,2026-06-10T03:14:15.221337+00:00
2021-07-25,KRW=X,1151.119995,yahoo,KRW,2026-06-10T03:14:15.221337+00:00
2021-07-26,KRW=X,1151.76001,yahoo,KRW,2026-06-10T03:14:15.221337+00:00
2021-07-27,KRW=X,1153.560059,yahoo,KRW,2026-06-10T03:14:15.221337+00:00
2021-07-28,KRW=X,1149.410034,yahoo,KRW,2026-06-10T03:14:15.221337+00:00
2021-07-29,KRW=X,1142.119995,yahoo,KRW,2026-06-10T03:14:15.221337+00:00
2021-08-01,KRW=X,1150.930054,yahoo,KRW,2026-06-10T03:14:15.221337+00:00
2021-08-02,KRW=X,1149.560059,yahoo,KRW,2026-06-10T03:14:15.221337+00:00
2021-08-03,KRW=X,1148.579956,yahoo,KRW,2026-06-10T03:14:15.221337+00:00
2021-08-04,KRW=X,1144.060059,yahoo,KRW,2026-06-10T03:14:15.221337+00:00
2021-08-05,KRW=X,1143.119995,yahoo,KRW,2026-06-10T03:14:15.221337+00:00
2021-08-08,KRW=X,1144.920044,yahoo,KRW,2026-06-10T03:14:15.221337+00:00
2021-08-09,KRW=X,1145.890015,yahoo,KRW,2026-06-10T03:14:15.221337+00:00
2021-08-10,KRW=X,1152.47998,yahoo,KRW,2026-06-10T03:14:15.221337+00:00
2021-08-11,KRW=X,1152.849976,yahoo,KRW,2026-06-10T03:14:15.221337+00:00
2021-08-12,KRW=X,1162.060059,yahoo,KRW,2026-06-10T03:14:15.221337+00:00
2021-08-15,KRW=X,1161.380005,yahoo,KRW,2026-06-10T03:14:15.221337+00:00
2021-08-16,KRW=X,1164.5,yahoo,KRW,2026-06-10T03:14:15.221337+00:00
2021-08-17,KRW=X,1176.449951,yahoo,KRW,2026-06-10T03:14:15.221337+00:00
2021-08-18,KRW=X,1169.680054,yahoo,KRW,2026-06-10T03:14:15.221337+00:00
2021-08-19,KRW=X,1175.390015,yahoo,KRW,2026-06-10T03:14:15.221337+00:00
2021-08-22,KRW=X,1174.23999,yahoo,KRW,2026-06-10T03:14:15.221337+00:00
2021-08-23,KRW=X,1167.609985,yahoo,KRW,2026-06-10T03:14:15.221337+00:00
2021-08-24,KRW=X,1163.469971,yahoo,KRW,2026-06-10T03:14:15.221337+00:00
2021-08-25,KRW=X,1163.329956,yahoo,KRW,2026-06-10T03:14:15.221337+00:00
2021-08-26,KRW=X,1170.0,yahoo,KRW,2026-06-10T03:14:15.221337+00:00
2021-08-29,KRW=X,1161.329956,yahoo,KRW,2026-06-10T03:14:15.221337+00:00
2021-08-30,KRW=X,1165.51001,yahoo,KRW,2026-06-10T03:14:15.221337+00:00
2021-08-31,KRW=X,1158.410034,yahoo,KRW,2026-06-10T03:14:15.221337+00:00
2021-09-01,KRW=X,1155.280029,yahoo,KRW,2026-06-10T03:14:15.221337+00:00
2021-09-02,KRW=X,1157.130005,yahoo,KRW,2026-06-10T03:14:15.221337+00:00
2021-09-05,KRW=X,1154.75,yahoo,KRW,2026-06-10T03:14:15.221337+00:00
2021-09-06,KRW=X,1155.540039,yahoo,KRW,2026-06-10T03:14:15.221337+00:00
2021-09-07,KRW=X,1161.0,yahoo,KRW,2026-06-10T03:14:15.221337+00:00
2021-09-08,KRW=X,1166.48999,yahoo,KRW,2026-06-10T03:14:15.221337+00:00
2021-09-09,KRW=X,1169.130005,yahoo,KRW,2026-06-10T03:14:15.221337+00:00
2021-09-12,KRW=X,1169.380005,yahoo,KRW,2026-06-10T03:14:15.221337+00:00
2021-09-13,KRW=X,1171.109985,yahoo,KRW,2026-06-10T03:14:15.221337+00:00
2021-09-14,KRW=X,1170.800049,yahoo,KRW,2026-06-10T03:14:15.221337+00:00
2021-09-15,KRW=X,1165.219971,yahoo,KRW,2026-06-10T03:14:15.221337+00:00
2021-09-16,KRW=X,1174.420044,yahoo,KRW,2026-06-10T03:14:15.221337+00:00
2021-09-19,KRW=X,1181.109985,yahoo,KRW,2026-06-10T03:14:15.221337+00:00
2021-09-20,KRW=X,1186.319946,yahoo,KRW,2026-06-10T03:14:15.221337+00:00
2021-09-21,KRW=X,1182.920044,yahoo,KRW,2026-06-10T03:14:15.221337+00:00
2021-09-22,KRW=X,1181.030029,yahoo,KRW,2026-06-10T03:14:15.221337+00:00
2021-09-23,KRW=X,1174.699951,yahoo,KRW,2026-06-10T03:14:15.221337+00:00
2021-09-26,KRW=X,1179.199951,yahoo,KRW,2026-06-10T03:14:15.221337+00:00
2021-09-27,KRW=X,1176.959961,yahoo,KRW,2026-06-10T03:14:15.221337+00:00
2021-09-28,KRW=X,1186.890015,yahoo,KRW,2026-06-10T03:14:15.221337+00:00
2021-09-29,KRW=X,1187.430054,yahoo,KRW,2026-06-10T03:14:15.221337+00:00
2021-09-30,KRW=X,1183.719971,yahoo,KRW,2026-06-10T03:14:15.221337+00:00
2021-10-03,KRW=X,1180.0,yahoo,KRW,2026-06-10T03:14:15.221337+00:00
2021-10-04,KRW=X,1183.780029,yahoo,KRW,2026-06-10T03:14:15.221337+00:00
2021-10-05,KRW=X,1187.170044,yahoo,KRW,2026-06-10T03:14:15.221337+00:00
2021-10-06,KRW=X,1191.380005,yahoo,KRW,2026-06-10T03:14:15.221337+00:00
2021-10-07,KRW=X,1191.150024,yahoo,KRW,2026-06-10T03:14:15.221337+00:00
2021-10-10,KRW=X,1195.579956,yahoo,KRW,2026-06-10T03:14:15.221337+00:00
2021-10-11,KRW=X,1195.800049,yahoo,KRW,2026-06-10T03:14:15.221337+00:00
2021-10-12,KRW=X,1196.890015,yahoo,KRW,2026-06-10T03:14:15.221337+00:00
2021-10-13,KRW=X,1186.709961,yahoo,KRW,2026-06-10T03:14:15.221337+00:00
2021-10-14,KRW=X,1182.130005,yahoo,KRW,2026-06-10T03:14:15.221337+00:00
2021-10-17,KRW=X,1181.790039,yahoo,KRW,2026-06-10T03:14:15.221337+00:00
2021-10-18,KRW=X,1185.680054,yahoo,KRW,2026-06-10T03:14:15.221337+00:00
2021-10-19,KRW=X,1175.650024,yahoo,KRW,2026-06-10T03:14:15.221337+00:00
2021-10-20,KRW=X,1174.589966,yahoo,KRW,2026-06-10T03:14:15.221337+00:00
2021-10-21,KRW=X,1176.550049,yahoo,KRW,2026-06-10T03:14:15.221337+00:00
2021-10-24,KRW=X,1176.540039,yahoo,KRW,2026-06-10T03:14:15.221337+00:00
2021-10-25,KRW=X,1167.060059,yahoo,KRW,2026-06-10T03:14:15.221337+00:00
2021-10-26,KRW=X,1167.329956,yahoo,KRW,2026-06-10T03:14:15.221337+00:00
2021-10-27,KRW=X,1172.170044,yahoo,KRW,2026-06-10T03:14:15.221337+00:00
2021-10-28,KRW=X,1167.369995,yahoo,KRW,2026-06-10T03:14:15.221337+00:00
2021-11-01,KRW=X,1174.380005,yahoo,KRW,2026-06-10T03:14:15.221337+00:00
2021-11-02,KRW=X,1176.569946,yahoo,KRW,2026-06-10T03:14:15.221337+00:00
2021-11-03,KRW=X,1178.040039,yahoo,KRW,2026-06-10T03:14:15.221337+00:00
2021-11-04,KRW=X,1179.339966,yahoo,KRW,2026-06-10T03:14:15.221337+00:00
2021-11-05,KRW=X,1185.829956,yahoo,KRW,2026-06-10T03:14:15.221337+00:00
2021-11-08,KRW=X,1180.5,yahoo,KRW,2026-06-10T03:14:15.221337+00:00
2021-11-09,KRW=X,1199.859985,yahoo,KRW,2026-06-10T03:14:15.221337+00:00
2021-11-10,KRW=X,1177.5,yahoo,KRW,2026-06-10T03:14:15.221337+00:00
2021-11-11,KRW=X,1184.140015,yahoo,KRW,2026-06-10T03:14:15.221337+00:00
2021-11-12,KRW=X,1183.109985,yahoo,KRW,2026-06-10T03:14:15.221337+00:00
2021-11-15,KRW=X,1179.109985,yahoo,KRW,2026-06-10T03:14:15.221337+00:00
2021-11-16,KRW=X,1183.51001,yahoo,KRW,2026-06-10T03:14:15.221337+00:00
2021-11-17,KRW=X,1184.050049,yahoo,KRW,2026-06-10T03:14:15.221337+00:00
2021-11-18,KRW=X,1181.22998,yahoo,KRW,2026-06-10T03:14:15.221337+00:00
2021-11-19,KRW=X,1182.900024,yahoo,KRW,2026-06-10T03:14:15.221337+00:00
2021-11-22,KRW=X,1191.630005,yahoo,KRW,2026-06-10T03:14:15.221337+00:00
2021-11-23,KRW=X,1189.5,yahoo,KRW,2026-06-10T03:14:15.221337+00:00
2021-11-24,KRW=X,1189.949951,yahoo,KRW,2026-06-10T03:14:15.221337+00:00
2021-11-25,KRW=X,1187.880005,yahoo,KRW,2026-06-10T03:14:15.221337+00:00
2021-11-26,KRW=X,1190.219971,yahoo,KRW,2026-06-10T03:14:15.221337+00:00
2021-11-29,KRW=X,1194.609985,yahoo,KRW,2026-06-10T03:14:15.221337+00:00
2021-11-30,KRW=X,1190.73999,yahoo,KRW,2026-06-10T03:14:15.221337+00:00
2021-12-01,KRW=X,1182.859985,yahoo,KRW,2026-06-10T03:14:15.221337+00:00
2021-12-02,KRW=X,1177.109985,yahoo,KRW,2026-06-10T03:14:15.221337+00:00
2021-12-03,KRW=X,1176.77002,yahoo,KRW,2026-06-10T03:14:15.221337+00:00
2021-12-06,KRW=X,1183.140015,yahoo,KRW,2026-06-10T03:14:15.221337+00:00
2021-12-07,KRW=X,1180.560059,yahoo,KRW,2026-06-10T03:14:15.221337+00:00
2021-12-08,KRW=X,1176.839966,yahoo,KRW,2026-06-10T03:14:15.221337+00:00
2021-12-09,KRW=X,1172.560059,yahoo,KRW,2026-06-10T03:14:15.221337+00:00
2021-12-10,KRW=X,1177.329956,yahoo,KRW,2026-06-10T03:14:15.221337+00:00
2021-12-13,KRW=X,1178.969971,yahoo,KRW,2026-06-10T03:14:15.221337+00:00
2021-12-14,KRW=X,1185.099976,yahoo,KRW,2026-06-10T03:14:15.221337+00:00
2021-12-15,KRW=X,1184.22998,yahoo,KRW,2026-06-10T03:14:15.221337+00:00
2021-12-16,KRW=X,1184.400024,yahoo,KRW,2026-06-10T03:14:15.221337+00:00
2021-12-17,KRW=X,1186.150024,yahoo,KRW,2026-06-10T03:14:15.221337+00:00
2021-12-20,KRW=X,1186.390015,yahoo,KRW,2026-06-10T03:14:15.221337+00:00
2021-12-21,KRW=X,1190.119995,yahoo,KRW,2026-06-10T03:14:15.221337+00:00
2021-12-22,KRW=X,1191.27002,yahoo,KRW,2026-06-10T03:14:15.221337+00:00
2021-12-23,KRW=X,1187.77002,yahoo,KRW,2026-06-10T03:14:15.221337+00:00
2021-12-24,KRW=X,1185.5,yahoo,KRW,2026-06-10T03:14:15.221337+00:00
2021-12-27,KRW=X,1185.920044,yahoo,KRW,2026-06-10T03:14:15.221337+00:00
2021-12-28,KRW=X,1185.650024,yahoo,KRW,2026-06-10T03:14:15.221337+00:00
2021-12-29,KRW=X,1187.849976,yahoo,KRW,2026-06-10T03:14:15.221337+00:00
2021-12-30,KRW=X,1183.670044,yahoo,KRW,2026-06-10T03:14:15.221337+00:00
2021-12-31,KRW=X,1189.890015,yahoo,KRW,2026-06-10T03:14:15.221337+00:00
2022-01-03,KRW=X,1187.780029,yahoo,KRW,2026-06-10T03:14:15.221337+00:00
2022-01-04,KRW=X,1194.680054,yahoo,KRW,2026-06-10T03:14:15.221337+00:00
2022-01-05,KRW=X,1196.5,yahoo,KRW,2026-06-10T03:14:15.221337+00:00
2022-01-06,KRW=X,1199.25,yahoo,KRW,2026-06-10T03:14:15.221337+00:00
2022-01-07,KRW=X,1205.780029,yahoo,KRW,2026-06-10T03:14:15.221337+00:00
2022-01-10,KRW=X,1196.880005,yahoo,KRW,2026-06-10T03:14:15.221337+00:00
2022-01-11,KRW=X,1198.089966,yahoo,KRW,2026-06-10T03:14:15.221337+00:00
2022-01-12,KRW=X,1189.430054,yahoo,KRW,2026-06-10T03:14:15.221337+00:00
2022-01-13,KRW=X,1185.880005,yahoo,KRW,2026-06-10T03:14:15.221337+00:00
2022-01-14,KRW=X,1186.609985,yahoo,KRW,2026-06-10T03:14:15.221337+00:00
2022-01-17,KRW=X,1188.959961,yahoo,KRW,2026-06-10T03:14:15.221337+00:00
2022-01-18,KRW=X,1190.060059,yahoo,KRW,2026-06-10T03:14:15.221337+00:00
2022-01-19,KRW=X,1192.97998,yahoo,KRW,2026-06-10T03:14:15.221337+00:00
2022-01-20,KRW=X,1188.160034,yahoo,KRW,2026-06-10T03:14:15.221337+00:00
2022-01-21,KRW=X,1192.430054,yahoo,KRW,2026-06-10T03:14:15.221337+00:00
2022-01-24,KRW=X,1191.5,yahoo,KRW,2026-06-10T03:14:15.221337+00:00
2022-01-25,KRW=X,1195.660034,yahoo,KRW,2026-06-10T03:14:15.221337+00:00
2022-01-26,KRW=X,1196.099976,yahoo,KRW,2026-06-10T03:14:15.221337+00:00
2022-01-27,KRW=X,1200.630005,yahoo,KRW,2026-06-10T03:14:15.221337+00:00
2022-01-28,KRW=X,1203.459961,yahoo,KRW,2026-06-10T03:14:15.221337+00:00
2022-01-31,KRW=X,1207.709961,yahoo,KRW,2026-06-10T03:14:15.221337+00:00
2022-02-01,KRW=X,1205.119995,yahoo,KRW,2026-06-10T03:14:15.221337+00:00
2022-02-02,KRW=X,1202.5,yahoo,KRW,2026-06-10T03:14:15.221337+00:00
2022-02-03,KRW=X,1199.959961,yahoo,KRW,2026-06-10T03:14:15.221337+00:00
2022-02-04,KRW=X,1200.329956,yahoo,KRW,2026-06-10T03:14:15.221337+00:00
2022-02-07,KRW=X,1197.089966,yahoo,KRW,2026-06-10T03:14:15.221337+00:00
2022-02-08,KRW=X,1196.849976,yahoo,KRW,2026-06-10T03:14:15.221337+00:00
2022-02-09,KRW=X,1196.359985,yahoo,KRW,2026-06-10T03:14:15.221337+00:00
2022-02-10,KRW=X,1194.030029,yahoo,KRW,2026-06-10T03:14:15.221337+00:00
2022-02-11,KRW=X,1199.349976,yahoo,KRW,2026-06-10T03:14:15.221337+00:00
2022-02-14,KRW=X,1199.23999,yahoo,KRW,2026-06-10T03:14:15.221337+00:00
2022-02-15,KRW=X,1197.359985,yahoo,KRW,2026-06-10T03:14:15.221337+00:00
2022-02-16,KRW=X,1196.829956,yahoo,KRW,2026-06-10T03:14:15.221337+00:00
2022-02-17,KRW=X,1196.75,yahoo,KRW,2026-06-10T03:14:15.221337+00:00
2022-02-18,KRW=X,1198.660034,yahoo,KRW,2026-06-10T03:14:15.221337+00:00
2022-02-21,KRW=X,1195.069946,yahoo,KRW,2026-06-10T03:14:15.221337+00:00
2022-02-22,KRW=X,1194.680054,yahoo,KRW,2026-06-10T03:14:15.221337+00:00
2022-02-23,KRW=X,1192.680054,yahoo,KRW,2026-06-10T03:14:15.221337+00:00
2022-02-24,KRW=X,1192.400024,yahoo,KRW,2026-06-10T03:14:15.221337+00:00
2022-02-25,KRW=X,1206.0,yahoo,KRW,2026-06-10T03:14:15.221337+00:00
2022-02-28,KRW=X,1197.589966,yahoo,KRW,2026-06-10T03:14:15.221337+00:00
2022-03-01,KRW=X,1200.930054,yahoo,KRW,2026-06-10T03:14:15.221337+00:00
2022-03-02,KRW=X,1205.369995,yahoo,KRW,2026-06-10T03:14:15.221337+00:00
2022-03-03,KRW=X,1203.150024,yahoo,KRW,2026-06-10T03:14:15.221337+00:00
2022-03-04,KRW=X,1205.98999,yahoo,KRW,2026-06-10T03:14:15.221337+00:00
2022-03-07,KRW=X,1216.709961,yahoo,KRW,2026-06-10T03:14:15.221337+00:00
2022-03-08,KRW=X,1232.300049,yahoo,KRW,2026-06-10T03:14:15.221337+00:00
2022-03-09,KRW=X,1233.109985,yahoo,KRW,2026-06-10T03:14:15.221337+00:00
2022-03-10,KRW=X,1223.22998,yahoo,KRW,2026-06-10T03:14:15.221337+00:00
2022-03-11,KRW=X,1228.599976,yahoo,KRW,2026-06-10T03:14:15.221337+00:00
2022-03-14,KRW=X,1236.890015,yahoo,KRW,2026-06-10T03:14:15.221337+00:00
2022-03-15,KRW=X,1242.050049,yahoo,KRW,2026-06-10T03:14:15.221337+00:00
2022-03-16,KRW=X,1241.680054,yahoo,KRW,2026-06-10T03:14:15.221337+00:00
2022-03-17,KRW=X,1223.0,yahoo,KRW,2026-06-10T03:14:15.221337+00:00
2022-03-18,KRW=X,1210.329956,yahoo,KRW,2026-06-10T03:14:15.221337+00:00
2022-03-21,KRW=X,1210.369995,yahoo,KRW,2026-06-10T03:14:15.221337+00:00
2022-03-22,KRW=X,1219.780029,yahoo,KRW,2026-06-10T03:14:15.221337+00:00
2022-03-23,KRW=X,1214.949951,yahoo,KRW,2026-06-10T03:14:15.221337+00:00
2022-03-24,KRW=X,1218.01001,yahoo,KRW,2026-06-10T03:14:15.221337+00:00
2022-03-25,KRW=X,1217.550049,yahoo,KRW,2026-06-10T03:14:15.221337+00:00
2022-03-27,KRW=X,1224.380005,yahoo,KRW,2026-06-10T03:14:15.221337+00:00
2022-03-28,KRW=X,1223.660034,yahoo,KRW,2026-06-10T03:14:15.221337+00:00
2022-03-29,KRW=X,1209.130005,yahoo,KRW,2026-06-10T03:14:15.221337+00:00
2022-03-30,KRW=X,1210.439941,yahoo,KRW,2026-06-10T03:14:15.221337+00:00
2022-03-31,KRW=X,1214.5,yahoo,KRW,2026-06-10T03:14:15.221337+00:00
2022-04-03,KRW=X,1218.780029,yahoo,KRW,2026-06-10T03:14:15.221337+00:00
2022-04-04,KRW=X,1213.900024,yahoo,KRW,2026-06-10T03:14:15.221337+00:00
2022-04-05,KRW=X,1218.75,yahoo,KRW,2026-06-10T03:14:15.221337+00:00
2022-04-06,KRW=X,1217.599976,yahoo,KRW,2026-06-10T03:14:15.221337+00:00
2022-04-07,KRW=X,1222.660034,yahoo,KRW,2026-06-10T03:14:15.221337+00:00
2022-04-10,KRW=X,1228.23999,yahoo,KRW,2026-06-10T03:14:15.221337+00:00
2022-04-11,KRW=X,1235.050049,yahoo,KRW,2026-06-10T03:14:15.221337+00:00
2022-04-12,KRW=X,1228.599976,yahoo,KRW,2026-06-10T03:14:15.221337+00:00
2022-04-13,KRW=X,1223.119995,yahoo,KRW,2026-06-10T03:14:15.221337+00:00
2022-04-14,KRW=X,1230.099976,yahoo,KRW,2026-06-10T03:14:15.221337+00:00
2022-04-17,KRW=X,1228.089966,yahoo,KRW,2026-06-10T03:14:15.221337+00:00
2022-04-18,KRW=X,1235.349976,yahoo,KRW,2026-06-10T03:14:15.221337+00:00
2022-04-19,KRW=X,1239.599976,yahoo,KRW,2026-06-10T03:14:15.221337+00:00
2022-04-20,KRW=X,1234.089966,yahoo,KRW,2026-06-10T03:14:15.221337+00:00
2022-04-21,KRW=X,1242.48999,yahoo,KRW,2026-06-10T03:14:15.221337+00:00
2022-04-24,KRW=X,1243.160034,yahoo,KRW,2026-06-10T03:14:15.221337+00:00
2022-04-25,KRW=X,1249.209961,yahoo,KRW,2026-06-10T03:14:15.221337+00:00
2022-04-26,KRW=X,1260.709961,yahoo,KRW,2026-06-10T03:14:15.221337+00:00
2022-04-27,KRW=X,1266.280029,yahoo,KRW,2026-06-10T03:14:15.221337+00:00
2022-04-28,KRW=X,1272.290039,yahoo,KRW,2026-06-10T03:14:15.221337+00:00
2022-05-01,KRW=X,1262.530029,yahoo,KRW,2026-06-10T03:14:15.221337+00:00
2022-05-02,KRW=X,1266.75,yahoo,KRW,2026-06-10T03:14:15.221337+00:00
2022-05-03,KRW=X,1261.060059,yahoo,KRW,2026-06-10T03:14:15.221337+00:00
2022-05-04,KRW=X,1251.5,yahoo,KRW,2026-06-10T03:14:15.221337+00:00
2022-05-05,KRW=X,1268.699951,yahoo,KRW,2026-06-10T03:14:15.221337+00:00
2022-05-08,KRW=X,1270.130005,yahoo,KRW,2026-06-10T03:14:15.221337+00:00
2022-05-09,KRW=X,1274.859985,yahoo,KRW,2026-06-10T03:14:15.221337+00:00
2022-05-10,KRW=X,1276.550049,yahoo,KRW,2026-06-10T03:14:15.221337+00:00
2022-05-11,KRW=X,1278.150024,yahoo,KRW,2026-06-10T03:14:15.221337+00:00
2022-05-12,KRW=X,1290.75,yahoo,KRW,2026-06-10T03:14:15.221337+00:00
2022-05-15,KRW=X,1277.569946,yahoo,KRW,2026-06-10T03:14:15.221337+00:00
2022-05-16,KRW=X,1279.849976,yahoo,KRW,2026-06-10T03:14:15.221337+00:00
2022-05-17,KRW=X,1266.660034,yahoo,KRW,2026-06-10T03:14:15.221337+00:00
2022-05-18,KRW=X,1275.579956,yahoo,KRW,2026-06-10T03:14:15.221337+00:00
2022-05-19,KRW=X,1263.550049,yahoo,KRW,2026-06-10T03:14:15.221337+00:00
2022-05-22,KRW=X,1273.209961,yahoo,KRW,2026-06-10T03:14:15.221337+00:00
2022-05-23,KRW=X,1258.819946,yahoo,KRW,2026-06-10T03:14:15.221337+00:00
2022-05-24,KRW=X,1260.98999,yahoo,KRW,2026-06-10T03:14:15.221337+00:00
2022-05-25,KRW=X,1266.599976,yahoo,KRW,2026-06-10T03:14:15.221337+00:00
2022-05-26,KRW=X,1258.890015,yahoo,KRW,2026-06-10T03:14:15.221337+00:00
2022-05-29,KRW=X,1251.589966,yahoo,KRW,2026-06-10T03:14:15.221337+00:00
2022-05-30,KRW=X,1236.170044,yahoo,KRW,2026-06-10T03:14:15.221337+00:00
2022-05-31,KRW=X,1241.73999,yahoo,KRW,2026-06-10T03:14:15.221337+00:00
2022-06-01,KRW=X,1246.949951,yahoo,KRW,2026-06-10T03:14:15.221337+00:00
2022-06-02,KRW=X,1240.839966,yahoo,KRW,2026-06-10T03:14:15.221337+00:00
2022-06-05,KRW=X,1250.530029,yahoo,KRW,2026-06-10T03:14:15.221337+00:00
2022-06-06,KRW=X,1254.47998,yahoo,KRW,2026-06-10T03:14:15.221337+00:00
2022-06-07,KRW=X,1254.579956,yahoo,KRW,2026-06-10T03:14:15.221337+00:00
2022-06-08,KRW=X,1256.73999,yahoo,KRW,2026-06-10T03:14:15.221337+00:00
2022-06-09,KRW=X,1264.02002,yahoo,KRW,2026-06-10T03:14:15.221337+00:00
2022-06-12,KRW=X,1278.280029,yahoo,KRW,2026-06-10T03:14:15.221337+00:00
2022-06-13,KRW=X,1291.800049,yahoo,KRW,2026-06-10T03:14:15.221337+00:00
2022-06-14,KRW=X,1289.47998,yahoo,KRW,2026-06-10T03:14:15.221337+00:00
2022-06-15,KRW=X,1278.160034,yahoo,KRW,2026-06-10T03:14:15.221337+00:00
2022-06-16,KRW=X,1288.180054,yahoo,KRW,2026-06-10T03:14:15.221337+00:00
2022-06-19,KRW=X,1290.5,yahoo,KRW,2026-06-10T03:14:15.221337+00:00
2022-06-20,KRW=X,1292.380005,yahoo,KRW,2026-06-10T03:14:15.221337+00:00
2022-06-21,KRW=X,1291.599976,yahoo,KRW,2026-06-10T03:14:15.221337+00:00
2022-06-22,KRW=X,1297.680054,yahoo,KRW,2026-06-10T03:14:15.221337+00:00
2022-06-23,KRW=X,1299.810059,yahoo,KRW,2026-06-10T03:14:15.221337+00:00
2022-06-26,KRW=X,1288.290039,yahoo,KRW,2026-06-10T03:14:15.221337+00:00
2022-06-27,KRW=X,1286.199951,yahoo,KRW,2026-06-10T03:14:15.221337+00:00
2022-06-28,KRW=X,1292.030029,yahoo,KRW,2026-06-10T03:14:15.221337+00:00
2022-06-29,KRW=X,1301.72998,yahoo,KRW,2026-06-10T03:14:15.221337+00:00
2022-06-30,KRW=X,1287.709961,yahoo,KRW,2026-06-10T03:14:15.221337+00:00
2022-07-03,KRW=X,1297.890015,yahoo,KRW,2026-06-10T03:14:15.221337+00:00
2022-07-04,KRW=X,1295.680054,yahoo,KRW,2026-06-10T03:14:15.221337+00:00
2022-07-05,KRW=X,1308.660034,yahoo,KRW,2026-06-10T03:14:15.221337+00:00
2022-07-06,KRW=X,1304.849976,yahoo,KRW,2026-06-10T03:14:15.221337+00:00
2022-07-07,KRW=X,1297.650024,yahoo,KRW,2026-06-10T03:14:15.221337+00:00
2022-07-10,KRW=X,1293.790039,yahoo,KRW,2026-06-10T03:14:15.221337+00:00
2022-07-11,KRW=X,1310.859985,yahoo,KRW,2026-06-10T03:14:15.221337+00:00
2022-07-12,KRW=X,1305.829956,yahoo,KRW,2026-06-10T03:14:15.221337+00:00
2022-07-13,KRW=X,1304.849976,yahoo,KRW,2026-06-10T03:14:15.221337+00:00
2022-07-14,KRW=X,1316.180054,yahoo,KRW,2026-06-10T03:14:15.221337+00:00
2022-07-17,KRW=X,1318.119995,yahoo,KRW,2026-06-10T03:14:15.221337+00:00
2022-07-18,KRW=X,1318.910034,yahoo,KRW,2026-06-10T03:14:15.221337+00:00
2022-07-19,KRW=X,1305.5,yahoo,KRW,2026-06-10T03:14:15.221337+00:00
2022-07-20,KRW=X,1312.869995,yahoo,KRW,2026-06-10T03:14:15.221337+00:00
2022-07-21,KRW=X,1306.849976,yahoo,KRW,2026-06-10T03:14:15.221337+00:00
2022-07-24,KRW=X,1309.319946,yahoo,KRW,2026-06-10T03:14:15.221337+00:00
2022-07-25,KRW=X,1310.400024,yahoo,KRW,2026-06-10T03:14:15.221337+00:00
2022-07-26,KRW=X,1310.900024,yahoo,KRW,2026-06-10T03:14:15.221337+00:00
2022-07-27,KRW=X,1305.949951,yahoo,KRW,2026-06-10T03:14:15.221337+00:00
2022-07-28,KRW=X,1295.150024,yahoo,KRW,2026-06-10T03:14:15.221337+00:00
2022-07-31,KRW=X,1302.280029,yahoo,KRW,2026-06-10T03:14:15.221337+00:00
2022-08-01,KRW=X,1306.75,yahoo,KRW,2026-06-10T03:14:15.221337+00:00
2022-08-02,KRW=X,1314.630005,yahoo,KRW,2026-06-10T03:14:15.221337+00:00
2022-08-03,KRW=X,1307.380005,yahoo,KRW,2026-06-10T03:14:15.221337+00:00
2022-08-04,KRW=X,1302.079956,yahoo,KRW,2026-06-10T03:14:15.221337+00:00
2022-08-07,KRW=X,1302.73999,yahoo,KRW,2026-06-10T03:14:15.221337+00:00
2022-08-08,KRW=X,1299.030029,yahoo,KRW,2026-06-10T03:14:15.221337+00:00
2022-08-09,KRW=X,1307.560059,yahoo,KRW,2026-06-10T03:14:15.221337+00:00
2022-08-10,KRW=X,1296.699951,yahoo,KRW,2026-06-10T03:14:15.221337+00:00
2022-08-11,KRW=X,1306.829956,yahoo,KRW,2026-06-10T03:14:15.221337+00:00
2022-08-14,KRW=X,1301.380005,yahoo,KRW,2026-06-10T03:14:15.221337+00:00
2022-08-15,KRW=X,1313.180054,yahoo,KRW,2026-06-10T03:14:15.221337+00:00
2022-08-16,KRW=X,1311.0,yahoo,KRW,2026-06-10T03:14:15.221337+00:00
2022-08-17,KRW=X,1314.829956,yahoo,KRW,2026-06-10T03:14:15.221337+00:00
2022-08-18,KRW=X,1326.910034,yahoo,KRW,2026-06-10T03:14:15.221337+00:00
2022-08-21,KRW=X,1334.859985,yahoo,KRW,2026-06-10T03:14:15.221337+00:00
2022-08-22,KRW=X,1343.359985,yahoo,KRW,2026-06-10T03:14:15.221337+00:00
2022-08-23,KRW=X,1339.079956,yahoo,KRW,2026-06-10T03:14:15.221337+00:00
2022-08-24,KRW=X,1340.0,yahoo,KRW,2026-06-10T03:14:15.221337+00:00
2022-08-25,KRW=X,1334.439941,yahoo,KRW,2026-06-10T03:14:15.221337+00:00
2022-08-28,KRW=X,1341.180054,yahoo,KRW,2026-06-10T03:14:15.221337+00:00
2022-08-29,KRW=X,1345.72998,yahoo,KRW,2026-06-10T03:14:15.221337+00:00
2022-08-30,KRW=X,1350.189941,yahoo,KRW,2026-06-10T03:14:15.221337+00:00
2022-08-31,KRW=X,1342.26001,yahoo,KRW,2026-06-10T03:14:15.221337+00:00
2022-09-01,KRW=X,1355.099976,yahoo,KRW,2026-06-10T03:14:15.221337+00:00
2022-09-04,KRW=X,1361.51001,yahoo,KRW,2026-06-10T03:14:15.221337+00:00
2022-09-05,KRW=X,1361.810059,yahoo,KRW,2026-06-10T03:14:15.221337+00:00
2022-09-06,KRW=X,1378.109985,yahoo,KRW,2026-06-10T03:14:15.221337+00:00
2022-09-07,KRW=X,1374.310059,yahoo,KRW,2026-06-10T03:14:15.221337+00:00
2022-09-08,KRW=X,1383.0,yahoo,KRW,2026-06-10T03:14:15.221337+00:00
2022-09-11,KRW=X,1379.060059,yahoo,KRW,2026-06-10T03:14:15.221337+00:00
2022-09-12,KRW=X,1375.810059,yahoo,KRW,2026-06-10T03:14:15.221337+00:00
2022-09-13,KRW=X,1393.469971,yahoo,KRW,2026-06-10T03:14:15.221337+00:00
2022-09-14,KRW=X,1391.180054,yahoo,KRW,2026-06-10T03:14:15.221337+00:00
2022-09-15,KRW=X,1398.630005,yahoo,KRW,2026-06-10T03:14:15.221337+00:00
2022-09-18,KRW=X,1385.22998,yahoo,KRW,2026-06-10T03:14:15.221337+00:00
2022-09-19,KRW=X,1390.109985,yahoo,KRW,2026-06-10T03:14:15.221337+00:00
2022-09-20,KRW=X,1392.51001,yahoo,KRW,2026-06-10T03:14:15.221337+00:00
2022-09-21,KRW=X,1397.560059,yahoo,KRW,2026-06-10T03:14:15.221337+00:00
2022-09-22,KRW=X,1403.660034,yahoo,KRW,2026-06-10T03:14:15.221337+00:00
2022-09-25,KRW=X,1421.810059,yahoo,KRW,2026-06-10T03:14:15.221337+00:00
2022-09-26,KRW=X,1429.77002,yahoo,KRW,2026-06-10T03:14:15.221337+00:00
2022-09-27,KRW=X,1426.26001,yahoo,KRW,2026-06-10T03:14:15.221337+00:00
2022-09-28,KRW=X,1421.949951,yahoo,KRW,2026-06-10T03:14:15.221337+00:00
2022-09-29,KRW=X,1430.170044,yahoo,KRW,2026-06-10T03:14:15.221337+00:00
2022-10-02,KRW=X,1439.22998,yahoo,KRW,2026-06-10T03:14:15.221337+00:00
2022-10-03,KRW=X,1433.339966,yahoo,KRW,2026-06-10T03:14:15.221337+00:00
2022-10-04,KRW=X,1416.530029,yahoo,KRW,2026-06-10T03:14:15.221337+00:00
2022-10-05,KRW=X,1416.76001,yahoo,KRW,2026-06-10T03:14:15.221337+00:00
2022-10-06,KRW=X,1408.449951,yahoo,KRW,2026-06-10T03:14:15.221337+00:00
2022-10-09,KRW=X,1415.97998,yahoo,KRW,2026-06-10T03:14:15.221337+00:00
2022-10-10,KRW=X,1428.349976,yahoo,KRW,2026-06-10T03:14:15.221337+00:00
2022-10-11,KRW=X,1430.800049,yahoo,KRW,2026-06-10T03:14:15.221337+00:00
2022-10-12,KRW=X,1423.900024,yahoo,KRW,2026-06-10T03:14:15.221337+00:00
2022-10-13,KRW=X,1430.300049,yahoo,KRW,2026-06-10T03:14:15.221337+00:00
2022-10-16,KRW=X,1440.76001,yahoo,KRW,2026-06-10T03:14:15.221337+00:00
2022-10-17,KRW=X,1430.150024,yahoo,KRW,2026-06-10T03:14:15.221337+00:00
2022-10-18,KRW=X,1425.02002,yahoo,KRW,2026-06-10T03:14:15.221337+00:00
2022-10-19,KRW=X,1435.01001,yahoo,KRW,2026-06-10T03:14:15.221337+00:00
2022-10-20,KRW=X,1430.310059,yahoo,KRW,2026-06-10T03:14:15.221337+00:00
2022-10-23,KRW=X,1428.109985,yahoo,KRW,2026-06-10T03:14:15.221337+00:00
2022-10-24,KRW=X,1443.959961,yahoo,KRW,2026-06-10T03:14:15.221337+00:00
2022-10-25,KRW=X,1426.930054,yahoo,KRW,2026-06-10T03:14:15.221337+00:00
2022-10-26,KRW=X,1412.689941,yahoo,KRW,2026-06-10T03:14:15.221337+00:00
2022-10-27,KRW=X,1420.650024,yahoo,KRW,2026-06-10T03:14:15.221337+00:00
2022-10-31,KRW=X,1421.650024,yahoo,KRW,2026-06-10T03:14:15.221337+00:00
2022-11-01,KRW=X,1424.670044,yahoo,KRW,2026-06-10T03:14:15.221337+00:00
2022-11-02,KRW=X,1416.599976,yahoo,KRW,2026-06-10T03:14:15.221337+00:00
2022-11-03,KRW=X,1423.099976,yahoo,KRW,2026-06-10T03:14:15.221337+00:00
2022-11-04,KRW=X,1423.650024,yahoo,KRW,2026-06-10T03:14:15.221337+00:00
2022-11-07,KRW=X,1402.109985,yahoo,KRW,2026-06-10T03:14:15.221337+00:00
2022-11-08,KRW=X,1392.699951,yahoo,KRW,2026-06-10T03:14:15.221337+00:00
2022-11-09,KRW=X,1374.150024,yahoo,KRW,2026-06-10T03:14:15.221337+00:00
2022-11-10,KRW=X,1370.550049,yahoo,KRW,2026-06-10T03:14:15.221337+00:00
2022-11-11,KRW=X,1349.369995,yahoo,KRW,2026-06-10T03:14:15.221337+00:00
2022-11-14,KRW=X,1313.030029,yahoo,KRW,2026-06-10T03:14:15.221337+00:00
2022-11-15,KRW=X,1324.079956,yahoo,KRW,2026-06-10T03:14:15.221337+00:00
2022-11-16,KRW=X,1316.26001,yahoo,KRW,2026-06-10T03:14:15.221337+00:00
2022-11-17,KRW=X,1336.430054,yahoo,KRW,2026-06-10T03:14:15.221337+00:00
2022-11-18,KRW=X,1342.75,yahoo,KRW,2026-06-10T03:14:15.221337+00:00
2022-11-21,KRW=X,1339.030029,yahoo,KRW,2026-06-10T03:14:15.221337+00:00
2022-11-22,KRW=X,1359.75,yahoo,KRW,2026-06-10T03:14:15.221337+00:00
2022-11-23,KRW=X,1352.689941,yahoo,KRW,2026-06-10T03:14:15.221337+00:00
2022-11-24,KRW=X,1336.810059,yahoo,KRW,2026-06-10T03:14:15.221337+00:00
2022-11-25,KRW=X,1317.890015,yahoo,KRW,2026-06-10T03:14:15.221337+00:00
2022-11-28,KRW=X,1334.560059,yahoo,KRW,2026-06-10T03:14:15.221337+00:00
2022-11-29,KRW=X,1340.119995,yahoo,KRW,2026-06-10T03:14:15.221337+00:00
2022-11-30,KRW=X,1325.369995,yahoo,KRW,2026-06-10T03:14:15.221337+00:00
2022-12-01,KRW=X,1279.800049,yahoo,KRW,2026-06-10T03:14:15.221337+00:00
2022-12-02,KRW=X,1303.25,yahoo,KRW,2026-06-10T03:14:15.221337+00:00
2022-12-05,KRW=X,1299.170044,yahoo,KRW,2026-06-10T03:14:15.221337+00:00
2022-12-06,KRW=X,1304.369995,yahoo,KRW,2026-06-10T03:14:15.221337+00:00
2022-12-07,KRW=X,1319.709961,yahoo,KRW,2026-06-10T03:14:15.221337+00:00
2022-12-08,KRW=X,1314.099976,yahoo,KRW,2026-06-10T03:14:15.221337+00:00
2022-12-09,KRW=X,1316.630005,yahoo,KRW,2026-06-10T03:14:15.221337+00:00
2022-12-12,KRW=X,1303.170044,yahoo,KRW,2026-06-10T03:14:15.221337+00:00
2022-12-13,KRW=X,1305.920044,yahoo,KRW,2026-06-10T03:14:15.221337+00:00
2022-12-14,KRW=X,1288.97998,yahoo,KRW,2026-06-10T03:14:15.221337+00:00
2022-12-15,KRW=X,1295.680054,yahoo,KRW,2026-06-10T03:14:15.221337+00:00
2022-12-16,KRW=X,1317.099976,yahoo,KRW,2026-06-10T03:14:15.221337+00:00
2022-12-19,KRW=X,1308.859985,yahoo,KRW,2026-06-10T03:14:15.221337+00:00
2022-12-20,KRW=X,1301.329956,yahoo,KRW,2026-06-10T03:14:15.221337+00:00
2022-12-21,KRW=X,1283.640015,yahoo,KRW,2026-06-10T03:14:15.221337+00:00
2022-12-22,KRW=X,1280.77002,yahoo,KRW,2026-06-10T03:14:15.221337+00:00
2022-12-23,KRW=X,1290.199951,yahoo,KRW,2026-06-10T03:14:15.221337+00:00
2022-12-26,KRW=X,1279.23999,yahoo,KRW,2026-06-10T03:14:15.221337+00:00
2022-12-27,KRW=X,1275.130005,yahoo,KRW,2026-06-10T03:14:15.221337+00:00
2022-12-28,KRW=X,1272.280029,yahoo,KRW,2026-06-10T03:14:15.221337+00:00
2022-12-29,KRW=X,1274.319946,yahoo,KRW,2026-06-10T03:14:15.221337+00:00
2022-12-30,KRW=X,1260.26001,yahoo,KRW,2026-06-10T03:14:15.221337+00:00
2023-01-02,KRW=X,1260.910034,yahoo,KRW,2026-06-10T03:14:15.221337+00:00
2023-01-03,KRW=X,1270.099976,yahoo,KRW,2026-06-10T03:14:15.221337+00:00
2023-01-04,KRW=X,1279.079956,yahoo,KRW,2026-06-10T03:14:15.221337+00:00
2023-01-05,KRW=X,1271.079956,yahoo,KRW,2026-06-10T03:14:15.221337+00:00
2023-01-06,KRW=X,1274.180054,yahoo,KRW,2026-06-10T03:14:15.221337+00:00
2023-01-09,KRW=X,1252.880005,yahoo,KRW,2026-06-10T03:14:15.221337+00:00
2023-01-10,KRW=X,1239.280029,yahoo,KRW,2026-06-10T03:14:15.221337+00:00
2023-01-11,KRW=X,1240.160034,yahoo,KRW,2026-06-10T03:14:15.221337+00:00
2023-01-12,KRW=X,1241.599976,yahoo,KRW,2026-06-10T03:14:15.221337+00:00
2023-01-13,KRW=X,1239.130005,yahoo,KRW,2026-06-10T03:14:15.221337+00:00
2023-01-16,KRW=X,1236.589966,yahoo,KRW,2026-06-10T03:14:15.221337+00:00
2023-01-17,KRW=X,1240.709961,yahoo,KRW,2026-06-10T03:14:15.221337+00:00
2023-01-18,KRW=X,1237.0,yahoo,KRW,2026-06-10T03:14:15.221337+00:00
2023-01-19,KRW=X,1237.880005,yahoo,KRW,2026-06-10T03:14:15.221337+00:00
2023-01-20,KRW=X,1232.180054,yahoo,KRW,2026-06-10T03:14:15.221337+00:00
2023-01-23,KRW=X,1230.030029,yahoo,KRW,2026-06-10T03:14:15.221337+00:00
2023-01-24,KRW=X,1229.280029,yahoo,KRW,2026-06-10T03:14:15.221337+00:00
2023-01-25,KRW=X,1232.660034,yahoo,KRW,2026-06-10T03:14:15.221337+00:00
2023-01-26,KRW=X,1232.589966,yahoo,KRW,2026-06-10T03:14:15.221337+00:00
2023-01-27,KRW=X,1231.849976,yahoo,KRW,2026-06-10T03:14:15.221337+00:00
2023-01-30,KRW=X,1228.949951,yahoo,KRW,2026-06-10T03:14:15.221337+00:00
2023-01-31,KRW=X,1231.5,yahoo,KRW,2026-06-10T03:14:15.221337+00:00
2023-02-01,KRW=X,1232.150024,yahoo,KRW,2026-06-10T03:14:15.221337+00:00
2023-02-02,KRW=X,1221.949951,yahoo,KRW,2026-06-10T03:14:15.221337+00:00
2023-02-03,KRW=X,1224.900024,yahoo,KRW,2026-06-10T03:14:15.221337+00:00
2023-02-06,KRW=X,1246.75,yahoo,KRW,2026-06-10T03:14:15.221337+00:00
2023-02-07,KRW=X,1261.22998,yahoo,KRW,2026-06-10T03:14:15.221337+00:00
2023-02-08,KRW=X,1255.349976,yahoo,KRW,2026-06-10T03:14:15.221337+00:00
2023-02-09,KRW=X,1260.469971,yahoo,KRW,2026-06-10T03:14:15.221337+00:00
2023-02-10,KRW=X,1264.550049,yahoo,KRW,2026-06-10T03:14:15.221337+00:00
2023-02-13,KRW=X,1266.869995,yahoo,KRW,2026-06-10T03:14:15.221337+00:00
2023-02-14,KRW=X,1272.939941,yahoo,KRW,2026-06-10T03:14:15.221337+00:00
2023-02-15,KRW=X,1272.25,yahoo,KRW,2026-06-10T03:14:15.221337+00:00
2023-02-16,KRW=X,1283.719971,yahoo,KRW,2026-06-10T03:14:15.221337+00:00
2023-02-17,KRW=X,1288.959961,yahoo,KRW,2026-06-10T03:14:15.221337+00:00
2023-02-20,KRW=X,1293.920044,yahoo,KRW,2026-06-10T03:14:15.221337+00:00
2023-02-21,KRW=X,1296.109985,yahoo,KRW,2026-06-10T03:14:15.221337+00:00
2023-02-22,KRW=X,1305.829956,yahoo,KRW,2026-06-10T03:14:15.221337+00:00
2023-02-23,KRW=X,1302.829956,yahoo,KRW,2026-06-10T03:14:15.221337+00:00
2023-02-24,KRW=X,1298.079956,yahoo,KRW,2026-06-10T03:14:15.221337+00:00
2023-02-27,KRW=X,1313.699951,yahoo,KRW,2026-06-10T03:14:15.221337+00:00
2023-02-28,KRW=X,1318.349976,yahoo,KRW,2026-06-10T03:14:15.221337+00:00
2023-03-01,KRW=X,1321.599976,yahoo,KRW,2026-06-10T03:14:15.221337+00:00
2023-03-02,KRW=X,1305.72998,yahoo,KRW,2026-06-10T03:14:15.221337+00:00
2023-03-03,KRW=X,1311.060059,yahoo,KRW,2026-06-10T03:14:15.221337+00:00
2023-03-06,KRW=X,1294.780029,yahoo,KRW,2026-06-10T03:14:15.221337+00:00
2023-03-07,KRW=X,1299.0,yahoo,KRW,2026-06-10T03:14:15.221337+00:00
2023-03-08,KRW=X,1317.900024,yahoo,KRW,2026-06-10T03:14:15.221337+00:00
2023-03-09,KRW=X,1316.449951,yahoo,KRW,2026-06-10T03:14:15.221337+00:00
2023-03-10,KRW=X,1325.550049,yahoo,KRW,2026-06-10T03:14:15.221337+00:00
2023-03-13,KRW=X,1319.540039,yahoo,KRW,2026-06-10T03:14:15.221337+00:00
2023-03-14,KRW=X,1296.380005,yahoo,KRW,2026-06-10T03:14:15.221337+00:00
2023-03-15,KRW=X,1304.579956,yahoo,KRW,2026-06-10T03:14:15.221337+00:00
2023-03-16,KRW=X,1311.73999,yahoo,KRW,2026-06-10T03:14:15.221337+00:00
2023-03-17,KRW=X,1301.619995,yahoo,KRW,2026-06-10T03:14:15.221337+00:00
2023-03-20,KRW=X,1307.650024,yahoo,KRW,2026-06-10T03:14:15.221337+00:00
2023-03-21,KRW=X,1304.939941,yahoo,KRW,2026-06-10T03:14:15.221337+00:00
2023-03-22,KRW=X,1303.439941,yahoo,KRW,2026-06-10T03:14:15.221337+00:00
2023-03-23,KRW=X,1298.25,yahoo,KRW,2026-06-10T03:14:15.221337+00:00
2023-03-24,KRW=X,1286.290039,yahoo,KRW,2026-06-10T03:14:15.221337+00:00
2023-03-26,KRW=X,1294.829956,yahoo,KRW,2026-06-10T03:14:15.221337+00:00
2023-03-27,KRW=X,1297.800049,yahoo,KRW,2026-06-10T03:14:15.221337+00:00
2023-03-28,KRW=X,1296.97998,yahoo,KRW,2026-06-10T03:14:15.221337+00:00
2023-03-29,KRW=X,1307.130005,yahoo,KRW,2026-06-10T03:14:15.221337+00:00
2023-03-30,KRW=X,1296.5,yahoo,KRW,2026-06-10T03:14:15.221337+00:00
2023-04-02,KRW=X,1305.47998,yahoo,KRW,2026-06-10T03:14:15.221337+00:00
2023-04-03,KRW=X,1308.050049,yahoo,KRW,2026-06-10T03:14:15.221337+00:00
2023-04-04,KRW=X,1312.410034,yahoo,KRW,2026-06-10T03:14:15.221337+00:00
2023-04-05,KRW=X,1316.209961,yahoo,KRW,2026-06-10T03:14:15.221337+00:00
2023-04-06,KRW=X,1317.939941,yahoo,KRW,2026-06-10T03:14:15.221337+00:00
2023-04-09,KRW=X,1315.449951,yahoo,KRW,2026-06-10T03:14:15.221337+00:00
2023-04-10,KRW=X,1320.880005,yahoo,KRW,2026-06-10T03:14:15.221337+00:00
2023-04-11,KRW=X,1322.089966,yahoo,KRW,2026-06-10T03:14:15.221337+00:00
2023-04-12,KRW=X,1322.829956,yahoo,KRW,2026-06-10T03:14:15.221337+00:00
2023-04-13,KRW=X,1301.430054,yahoo,KRW,2026-06-10T03:14:15.221337+00:00
2023-04-16,KRW=X,1303.380005,yahoo,KRW,2026-06-10T03:14:15.221337+00:00
2023-04-17,KRW=X,1316.069946,yahoo,KRW,2026-06-10T03:14:15.221337+00:00
2023-04-18,KRW=X,1315.900024,yahoo,KRW,2026-06-10T03:14:15.221337+00:00
2023-04-19,KRW=X,1326.76001,yahoo,KRW,2026-06-10T03:14:15.221337+00:00
2023-04-20,KRW=X,1323.599976,yahoo,KRW,2026-06-10T03:14:15.221337+00:00
2023-04-23,KRW=X,1329.380005,yahoo,KRW,2026-06-10T03:14:15.221337+00:00
2023-04-24,KRW=X,1332.800049,yahoo,KRW,2026-06-10T03:14:15.221337+00:00
2023-04-25,KRW=X,1341.0,yahoo,KRW,2026-06-10T03:14:15.221337+00:00
2023-04-26,KRW=X,1337.829956,yahoo,KRW,2026-06-10T03:14:15.221337+00:00
2023-04-27,KRW=X,1339.390015,yahoo,KRW,2026-06-10T03:14:15.221337+00:00
2023-04-30,KRW=X,1337.170044,yahoo,KRW,2026-06-10T03:14:15.221337+00:00
2023-05-01,KRW=X,1342.790039,yahoo,KRW,2026-06-10T03:14:15.221337+00:00
2023-05-02,KRW=X,1342.300049,yahoo,KRW,2026-06-10T03:14:15.221337+00:00
2023-05-03,KRW=X,1335.22998,yahoo,KRW,2026-06-10T03:14:15.221337+00:00
2023-05-04,KRW=X,1320.150024,yahoo,KRW,2026-06-10T03:14:15.221337+00:00
2023-05-07,KRW=X,1316.959961,yahoo,KRW,2026-06-10T03:14:15.221337+00:00
2023-05-08,KRW=X,1322.410034,yahoo,KRW,2026-06-10T03:14:15.221337+00:00
2023-05-09,KRW=X,1326.050049,yahoo,KRW,2026-06-10T03:14:15.221337+00:00
2023-05-10,KRW=X,1318.050049,yahoo,KRW,2026-06-10T03:14:15.221337+00:00
2023-05-11,KRW=X,1329.880005,yahoo,KRW,2026-06-10T03:14:15.221337+00:00
2023-05-14,KRW=X,1341.52002,yahoo,KRW,2026-06-10T03:14:15.221337+00:00
2023-05-15,KRW=X,1335.400024,yahoo,KRW,2026-06-10T03:14:15.221337+00:00
2023-05-16,KRW=X,1342.430054,yahoo,KRW,2026-06-10T03:14:15.221337+00:00
2023-05-17,KRW=X,1334.150024,yahoo,KRW,2026-06-10T03:14:15.221337+00:00
2023-05-18,KRW=X,1334.73999,yahoo,KRW,2026-06-10T03:14:15.221337+00:00
2023-05-21,KRW=X,1324.209961,yahoo,KRW,2026-06-10T03:14:15.221337+00:00
2023-05-22,KRW=X,1313.829956,yahoo,KRW,2026-06-10T03:14:15.221337+00:00
2023-05-23,KRW=X,1319.839966,yahoo,KRW,2026-06-10T03:14:15.221337+00:00
2023-05-24,KRW=X,1318.52002,yahoo,KRW,2026-06-10T03:14:15.221337+00:00
2023-05-25,KRW=X,1330.890015,yahoo,KRW,2026-06-10T03:14:15.221337+00:00
2023-05-28,KRW=X,1322.430054,yahoo,KRW,2026-06-10T03:14:15.221337+00:00
2023-05-29,KRW=X,1324.589966,yahoo,KRW,2026-06-10T03:14:15.221337+00:00
2023-05-30,KRW=X,1319.790039,yahoo,KRW,2026-06-10T03:14:15.221337+00:00
2023-05-31,KRW=X,1321.73999,yahoo,KRW,2026-06-10T03:14:15.221337+00:00
2023-06-01,KRW=X,1312.849976,yahoo,KRW,2026-06-10T03:14:15.221337+00:00
2023-06-04,KRW=X,1305.140015,yahoo,KRW,2026-06-10T03:14:15.221337+00:00
2023-06-05,KRW=X,1299.790039,yahoo,KRW,2026-06-10T03:14:15.221337+00:00
2023-06-06,KRW=X,1299.199951,yahoo,KRW,2026-06-10T03:14:15.221337+00:00
2023-06-07,KRW=X,1308.339966,yahoo,KRW,2026-06-10T03:14:15.221337+00:00
2023-06-08,KRW=X,1296.329956,yahoo,KRW,2026-06-10T03:14:15.221337+00:00
2023-06-11,KRW=X,1286.689941,yahoo,KRW,2026-06-10T03:14:15.221337+00:00
2023-06-12,KRW=X,1284.579956,yahoo,KRW,2026-06-10T03:14:15.221337+00:00
2023-06-13,KRW=X,1267.619995,yahoo,KRW,2026-06-10T03:14:15.221337+00:00
2023-06-14,KRW=X,1273.98999,yahoo,KRW,2026-06-10T03:14:15.221337+00:00
2023-06-15,KRW=X,1270.050049,yahoo,KRW,2026-06-10T03:14:15.221337+00:00
2023-06-18,KRW=X,1276.310059,yahoo,KRW,2026-06-10T03:14:15.221337+00:00
2023-06-19,KRW=X,1283.23999,yahoo,KRW,2026-06-10T03:14:15.221337+00:00
2023-06-20,KRW=X,1287.540039,yahoo,KRW,2026-06-10T03:14:15.221337+00:00
2023-06-21,KRW=X,1288.380005,yahoo,KRW,2026-06-10T03:14:15.221337+00:00
2023-06-22,KRW=X,1298.209961,yahoo,KRW,2026-06-10T03:14:15.221337+00:00
2023-06-25,KRW=X,1307.670044,yahoo,KRW,2026-06-10T03:14:15.221337+00:00
2023-06-26,KRW=X,1302.660034,yahoo,KRW,2026-06-10T03:14:15.221337+00:00
2023-06-27,KRW=X,1296.599976,yahoo,KRW,2026-06-10T03:14:15.221337+00:00
2023-06-28,KRW=X,1309.01001,yahoo,KRW,2026-06-10T03:14:15.221337+00:00
2023-06-29,KRW=X,1323.069946,yahoo,KRW,2026-06-10T03:14:15.221337+00:00
2023-07-02,KRW=X,1315.300049,yahoo,KRW,2026-06-10T03:14:15.221337+00:00
2023-07-03,KRW=X,1306.099976,yahoo,KRW,2026-06-10T03:14:15.221337+00:00
2023-07-04,KRW=X,1295.5,yahoo,KRW,2026-06-10T03:14:15.221337+00:00
2023-07-05,KRW=X,1302.969971,yahoo,KRW,2026-06-10T03:14:15.221337+00:00
2023-07-06,KRW=X,1309.219971,yahoo,KRW,2026-06-10T03:14:15.221337+00:00
2023-07-09,KRW=X,1297.369995,yahoo,KRW,2026-06-10T03:14:15.221337+00:00
2023-07-10,KRW=X,1299.540039,yahoo,KRW,2026-06-10T03:14:15.221337+00:00
2023-07-11,KRW=X,1291.51001,yahoo,KRW,2026-06-10T03:14:15.221337+00:00
2023-07-12,KRW=X,1274.699951,yahoo,KRW,2026-06-10T03:14:15.221337+00:00
2023-07-13,KRW=X,1266.829956,yahoo,KRW,2026-06-10T03:14:15.221337+00:00
2023-07-16,KRW=X,1268.339966,yahoo,KRW,2026-06-10T03:14:15.221337+00:00
2023-07-17,KRW=X,1265.449951,yahoo,KRW,2026-06-10T03:14:15.221337+00:00
2023-07-18,KRW=X,1264.939941,yahoo,KRW,2026-06-10T03:14:15.221337+00:00
2023-07-19,KRW=X,1265.089966,yahoo,KRW,2026-06-10T03:14:15.221337+00:00
2023-07-20,KRW=X,1278.400024,yahoo,KRW,2026-06-10T03:14:15.221337+00:00
2023-07-23,KRW=X,1285.650024,yahoo,KRW,2026-06-10T03:14:15.221337+00:00
2023-07-24,KRW=X,1280.530029,yahoo,KRW,2026-06-10T03:14:15.221337+00:00
2023-07-25,KRW=X,1274.119995,yahoo,KRW,2026-06-10T03:14:15.221337+00:00
2023-07-26,KRW=X,1275.170044,yahoo,KRW,2026-06-10T03:14:15.221337+00:00
2023-07-27,KRW=X,1283.880005,yahoo,KRW,2026-06-10T03:14:15.221337+00:00
2023-07-30,KRW=X,1272.390015,yahoo,KRW,2026-06-10T03:14:15.221337+00:00
2023-07-31,KRW=X,1277.930054,yahoo,KRW,2026-06-10T03:14:15.221337+00:00
2023-08-01,KRW=X,1289.050049,yahoo,KRW,2026-06-10T03:14:15.221337+00:00
2023-08-02,KRW=X,1295.369995,yahoo,KRW,2026-06-10T03:14:15.221337+00:00
2023-08-03,KRW=X,1296.400024,yahoo,KRW,2026-06-10T03:14:15.221337+00:00
2023-08-06,KRW=X,1303.050049,yahoo,KRW,2026-06-10T03:14:15.221337+00:00
2023-08-07,KRW=X,1307.75,yahoo,KRW,2026-06-10T03:14:15.221337+00:00
2023-08-08,KRW=X,1316.670044,yahoo,KRW,2026-06-10T03:14:15.221337+00:00
2023-08-09,KRW=X,1313.640015,yahoo,KRW,2026-06-10T03:14:15.221337+00:00
2023-08-10,KRW=X,1318.329956,yahoo,KRW,2026-06-10T03:14:15.221337+00:00
2023-08-13,KRW=X,1329.609985,yahoo,KRW,2026-06-10T03:14:15.221337+00:00
2023-08-14,KRW=X,1334.73999,yahoo,KRW,2026-06-10T03:14:15.221337+00:00
2023-08-15,KRW=X,1338.73999,yahoo,KRW,2026-06-10T03:14:15.221337+00:00
2023-08-16,KRW=X,1343.329956,yahoo,KRW,2026-06-10T03:14:15.221337+00:00
2023-08-17,KRW=X,1339.079956,yahoo,KRW,2026-06-10T03:14:15.221337+00:00
2023-08-20,KRW=X,1339.170044,yahoo,KRW,2026-06-10T03:14:15.221337+00:00
2023-08-21,KRW=X,1339.73999,yahoo,KRW,2026-06-10T03:14:15.221337+00:00
2023-08-22,KRW=X,1339.689941,yahoo,KRW,2026-06-10T03:14:15.221337+00:00
2023-08-23,KRW=X,1327.780029,yahoo,KRW,2026-06-10T03:14:15.221337+00:00
2023-08-24,KRW=X,1326.619995,yahoo,KRW,2026-06-10T03:14:15.221337+00:00
2023-08-27,KRW=X,1323.609985,yahoo,KRW,2026-06-10T03:14:15.221337+00:00
2023-08-28,KRW=X,1322.819946,yahoo,KRW,2026-06-10T03:14:15.221337+00:00
2023-08-29,KRW=X,1321.069946,yahoo,KRW,2026-06-10T03:14:15.221337+00:00
2023-08-30,KRW=X,1323.030029,yahoo,KRW,2026-06-10T03:14:15.221337+00:00
2023-08-31,KRW=X,1324.640015,yahoo,KRW,2026-06-10T03:14:15.221337+00:00
2023-09-03,KRW=X,1317.459961,yahoo,KRW,2026-06-10T03:14:15.221337+00:00
2023-09-04,KRW=X,1317.949951,yahoo,KRW,2026-06-10T03:14:15.221337+00:00
2023-09-05,KRW=X,1331.72998,yahoo,KRW,2026-06-10T03:14:15.221337+00:00
2023-09-06,KRW=X,1333.459961,yahoo,KRW,2026-06-10T03:14:15.221337+00:00
2023-09-07,KRW=X,1334.02002,yahoo,KRW,2026-06-10T03:14:15.221337+00:00
2023-09-10,KRW=X,1335.319946,yahoo,KRW,2026-06-10T03:14:15.221337+00:00
2023-09-11,KRW=X,1320.439941,yahoo,KRW,2026-06-10T03:14:15.221337+00:00
2023-09-12,KRW=X,1324.099976,yahoo,KRW,2026-06-10T03:14:15.221337+00:00
2023-09-13,KRW=X,1329.77002,yahoo,KRW,2026-06-10T03:14:15.221337+00:00
2023-09-14,KRW=X,1327.060059,yahoo,KRW,2026-06-10T03:14:15.221337+00:00
2023-09-17,KRW=X,1328.420044,yahoo,KRW,2026-06-10T03:14:15.221337+00:00
2023-09-18,KRW=X,1329.660034,yahoo,KRW,2026-06-10T03:14:15.221337+00:00
2023-09-19,KRW=X,1328.530029,yahoo,KRW,2026-06-10T03:14:15.221337+00:00
2023-09-20,KRW=X,1332.339966,yahoo,KRW,2026-06-10T03:14:15.221337+00:00
2023-09-21,KRW=X,1341.170044,yahoo,KRW,2026-06-10T03:14:15.221337+00:00
2023-09-24,KRW=X,1334.660034,yahoo,KRW,2026-06-10T03:14:15.221337+00:00
2023-09-25,KRW=X,1338.449951,yahoo,KRW,2026-06-10T03:14:15.221337+00:00
2023-09-26,KRW=X,1353.75,yahoo,KRW,2026-06-10T03:14:15.221337+00:00
2023-09-27,KRW=X,1352.819946,yahoo,KRW,2026-06-10T03:14:15.221337+00:00
2023-09-28,KRW=X,1347.849976,yahoo,KRW,2026-06-10T03:14:15.221337+00:00
2023-10-01,KRW=X,1351.939941,yahoo,KRW,2026-06-10T03:14:15.221337+00:00
2023-10-02,KRW=X,1354.189941,yahoo,KRW,2026-06-10T03:14:15.221337+00:00
2023-10-03,KRW=X,1359.219971,yahoo,KRW,2026-06-10T03:14:15.221337+00:00
2023-10-04,KRW=X,1351.160034,yahoo,KRW,2026-06-10T03:14:15.221337+00:00
2023-10-05,KRW=X,1346.060059,yahoo,KRW,2026-06-10T03:14:15.221337+00:00
2023-10-08,KRW=X,1343.359985,yahoo,KRW,2026-06-10T03:14:15.221337+00:00
2023-10-09,KRW=X,1346.890015,yahoo,KRW,2026-06-10T03:14:15.221337+00:00
2023-10-10,KRW=X,1341.890015,yahoo,KRW,2026-06-10T03:14:15.221337+00:00
2023-10-11,KRW=X,1338.26001,yahoo,KRW,2026-06-10T03:14:15.221337+00:00
2023-10-12,KRW=X,1348.339966,yahoo,KRW,2026-06-10T03:14:15.221337+00:00
2023-10-15,KRW=X,1352.069946,yahoo,KRW,2026-06-10T03:14:15.221337+00:00
2023-10-16,KRW=X,1347.76001,yahoo,KRW,2026-06-10T03:14:15.221337+00:00
2023-10-17,KRW=X,1352.98999,yahoo,KRW,2026-06-10T03:14:15.221337+00:00
2023-10-18,KRW=X,1354.560059,yahoo,KRW,2026-06-10T03:14:15.221337+00:00
2023-10-19,KRW=X,1356.22998,yahoo,KRW,2026-06-10T03:14:15.221337+00:00
2023-10-22,KRW=X,1349.339966,yahoo,KRW,2026-06-10T03:14:15.221337+00:00
2023-10-23,KRW=X,1334.439941,yahoo,KRW,2026-06-10T03:14:15.221337+00:00
2023-10-24,KRW=X,1343.640015,yahoo,KRW,2026-06-10T03:14:15.221337+00:00
2023-10-25,KRW=X,1352.680054,yahoo,KRW,2026-06-10T03:14:15.221337+00:00
2023-10-26,KRW=X,1350.339966,yahoo,KRW,2026-06-10T03:14:15.221337+00:00
2023-10-30,KRW=X,1355.219971,yahoo,KRW,2026-06-10T03:14:15.221337+00:00
2023-10-31,KRW=X,1348.069946,yahoo,KRW,2026-06-10T03:14:15.221337+00:00
2023-11-01,KRW=X,1350.160034,yahoo,KRW,2026-06-10T03:14:15.221337+00:00
2023-11-02,KRW=X,1347.839966,yahoo,KRW,2026-06-10T03:14:15.221337+00:00
2023-11-03,KRW=X,1333.680054,yahoo,KRW,2026-06-10T03:14:15.221337+00:00
2023-11-06,KRW=X,1307.839966,yahoo,KRW,2026-06-10T03:14:15.221337+00:00
2023-11-07,KRW=X,1297.109985,yahoo,KRW,2026-06-10T03:14:15.221337+00:00
2023-11-08,KRW=X,1304.550049,yahoo,KRW,2026-06-10T03:14:15.221337+00:00
2023-11-09,KRW=X,1308.119995,yahoo,KRW,2026-06-10T03:14:15.221337+00:00
2023-11-10,KRW=X,1315.199951,yahoo,KRW,2026-06-10T03:14:15.221337+00:00
2023-11-13,KRW=X,1319.619995,yahoo,KRW,2026-06-10T03:14:15.221337+00:00
2023-11-14,KRW=X,1319.069946,yahoo,KRW,2026-06-10T03:14:15.221337+00:00
2023-11-15,KRW=X,1304.23999,yahoo,KRW,2026-06-10T03:14:15.221337+00:00
2023-11-16,KRW=X,1301.859985,yahoo,KRW,2026-06-10T03:14:15.221337+00:00
2023-11-17,KRW=X,1292.449951,yahoo,KRW,2026-06-10T03:14:15.221337+00:00
2023-11-20,KRW=X,1294.5,yahoo,KRW,2026-06-10T03:14:15.221337+00:00
2023-11-21,KRW=X,1288.150024,yahoo,KRW,2026-06-10T03:14:15.221337+00:00
2023-11-22,KRW=X,1295.189941,yahoo,KRW,2026-06-10T03:14:15.221337+00:00
2023-11-23,KRW=X,1298.790039,yahoo,KRW,2026-06-10T03:14:15.221337+00:00
2023-11-24,KRW=X,1300.180054,yahoo,KRW,2026-06-10T03:14:15.221337+00:00
2023-11-27,KRW=X,1289.790039,yahoo,KRW,2026-06-10T03:14:15.221337+00:00
2023-11-28,KRW=X,1302.530029,yahoo,KRW,2026-06-10T03:14:15.221337+00:00
2023-11-29,KRW=X,1287.530029,yahoo,KRW,2026-06-10T03:14:15.221337+00:00
2023-11-30,KRW=X,1288.359985,yahoo,KRW,2026-06-10T03:14:15.221337+00:00
2023-12-01,KRW=X,1296.660034,yahoo,KRW,2026-06-10T03:14:15.221337+00:00
2023-12-04,KRW=X,1299.189941,yahoo,KRW,2026-06-10T03:14:15.221337+00:00
2023-12-05,KRW=X,1307.800049,yahoo,KRW,2026-06-10T03:14:15.221337+00:00
2023-12-06,KRW=X,1313.369995,yahoo,KRW,2026-06-10T03:14:15.221337+00:00
2023-12-07,KRW=X,1313.719971,yahoo,KRW,2026-06-10T03:14:15.221337+00:00
2023-12-08,KRW=X,1312.76001,yahoo,KRW,2026-06-10T03:14:15.221337+00:00
2023-12-11,KRW=X,1316.51001,yahoo,KRW,2026-06-10T03:14:15.221337+00:00
2023-12-12,KRW=X,1313.619995,yahoo,KRW,2026-06-10T03:14:15.221337+00:00
2023-12-13,KRW=X,1310.140015,yahoo,KRW,2026-06-10T03:14:15.221337+00:00
2023-12-14,KRW=X,1292.01001,yahoo,KRW,2026-06-10T03:14:15.221337+00:00
2023-12-15,KRW=X,1291.920044,yahoo,KRW,2026-06-10T03:14:15.221337+00:00
2023-12-18,KRW=X,1276.469971,yahoo,KRW,2026-06-10T03:14:15.221337+00:00
2023-12-19,KRW=X,1302.930054,yahoo,KRW,2026-06-10T03:14:15.221337+00:00
2023-12-20,KRW=X,1297.76001,yahoo,KRW,2026-06-10T03:14:15.221337+00:00
2023-12-21,KRW=X,1296.97998,yahoo,KRW,2026-06-10T03:14:15.221337+00:00
2023-12-22,KRW=X,1291.709961,yahoo,KRW,2026-06-10T03:14:15.221337+00:00
2023-12-25,KRW=X,1297.359985,yahoo,KRW,2026-06-10T03:14:15.221337+00:00
2023-12-26,KRW=X,1294.579956,yahoo,KRW,2026-06-10T03:14:15.221337+00:00
2023-12-27,KRW=X,1293.920044,yahoo,KRW,2026-06-10T03:14:15.221337+00:00
2023-12-28,KRW=X,1294.76001,yahoo,KRW,2026-06-10T03:14:15.221337+00:00
2023-12-29,KRW=X,1277.839966,yahoo,KRW,2026-06-10T03:14:15.221337+00:00
2024-01-01,KRW=X,1293.530029,yahoo,KRW,2026-06-10T03:14:15.221337+00:00
2024-01-02,KRW=X,1293.540039,yahoo,KRW,2026-06-10T03:14:15.221337+00:00
2024-01-03,KRW=X,1307.619995,yahoo,KRW,2026-06-10T03:14:15.221337+00:00
2024-01-04,KRW=X,1309.530029,yahoo,KRW,2026-06-10T03:14:15.221337+00:00
2024-01-05,KRW=X,1311.25,yahoo,KRW,2026-06-10T03:14:15.221337+00:00
2024-01-08,KRW=X,1313.130005,yahoo,KRW,2026-06-10T03:14:15.221337+00:00
2024-01-09,KRW=X,1311.800049,yahoo,KRW,2026-06-10T03:14:15.221337+00:00
2024-01-10,KRW=X,1319.790039,yahoo,KRW,2026-06-10T03:14:15.221337+00:00
2024-01-11,KRW=X,1317.5,yahoo,KRW,2026-06-10T03:14:15.221337+00:00
2024-01-12,KRW=X,1311.98999,yahoo,KRW,2026-06-10T03:14:15.221337+00:00
2024-01-15,KRW=X,1312.849976,yahoo,KRW,2026-06-10T03:14:15.221337+00:00
2024-01-16,KRW=X,1319.709961,yahoo,KRW,2026-06-10T03:14:15.221337+00:00
2024-01-17,KRW=X,1337.790039,yahoo,KRW,2026-06-10T03:14:15.221337+00:00
2024-01-18,KRW=X,1344.050049,yahoo,KRW,2026-06-10T03:14:15.221337+00:00
2024-01-19,KRW=X,1337.660034,yahoo,KRW,2026-06-10T03:14:15.221337+00:00
2024-01-22,KRW=X,1333.209961,yahoo,KRW,2026-06-10T03:14:15.221337+00:00
2024-01-23,KRW=X,1338.73999,yahoo,KRW,2026-06-10T03:14:15.221337+00:00
2024-01-24,KRW=X,1336.780029,yahoo,KRW,2026-06-10T03:14:15.221337+00:00
2024-01-25,KRW=X,1329.890015,yahoo,KRW,2026-06-10T03:14:15.221337+00:00
2024-01-26,KRW=X,1336.030029,yahoo,KRW,2026-06-10T03:14:15.221337+00:00
2024-01-29,KRW=X,1336.76001,yahoo,KRW,2026-06-10T03:14:15.221337+00:00
2024-01-30,KRW=X,1333.209961,yahoo,KRW,2026-06-10T03:14:15.221337+00:00
2024-01-31,KRW=X,1326.619995,yahoo,KRW,2026-06-10T03:14:15.221337+00:00
2024-02-01,KRW=X,1333.910034,yahoo,KRW,2026-06-10T03:14:15.221337+00:00
2024-02-02,KRW=X,1328.949951,yahoo,KRW,2026-06-10T03:14:15.221337+00:00
2024-02-05,KRW=X,1337.72998,yahoo,KRW,2026-06-10T03:14:15.221337+00:00
2024-02-06,KRW=X,1333.390015,yahoo,KRW,2026-06-10T03:14:15.221337+00:00
2024-02-07,KRW=X,1326.790039,yahoo,KRW,2026-06-10T03:14:15.221337+00:00
2024-02-08,KRW=X,1327.619995,yahoo,KRW,2026-06-10T03:14:15.221337+00:00
2024-02-09,KRW=X,1331.469971,yahoo,KRW,2026-06-10T03:14:15.221337+00:00
2024-02-12,KRW=X,1330.060059,yahoo,KRW,2026-06-10T03:14:15.221337+00:00
2024-02-13,KRW=X,1328.5,yahoo,KRW,2026-06-10T03:14:15.221337+00:00
2024-02-14,KRW=X,1340.790039,yahoo,KRW,2026-06-10T03:14:15.221337+00:00
2024-02-15,KRW=X,1326.0,yahoo,KRW,2026-06-10T03:14:15.221337+00:00
2024-02-16,KRW=X,1327.660034,yahoo,KRW,2026-06-10T03:14:15.221337+00:00
2024-02-19,KRW=X,1331.579956,yahoo,KRW,2026-06-10T03:14:15.221337+00:00
2024-02-20,KRW=X,1333.339966,yahoo,KRW,2026-06-10T03:14:15.221337+00:00
2024-02-21,KRW=X,1333.75,yahoo,KRW,2026-06-10T03:14:15.221337+00:00
2024-02-22,KRW=X,1332.869995,yahoo,KRW,2026-06-10T03:14:15.221337+00:00
2024-02-23,KRW=X,1327.170044,yahoo,KRW,2026-06-10T03:14:15.221337+00:00
2024-02-26,KRW=X,1330.0,yahoo,KRW,2026-06-10T03:14:15.221337+00:00
2024-02-27,KRW=X,1331.719971,yahoo,KRW,2026-06-10T03:14:15.221337+00:00
2024-02-28,KRW=X,1331.790039,yahoo,KRW,2026-06-10T03:14:15.221337+00:00
2024-02-29,KRW=X,1333.380005,yahoo,KRW,2026-06-10T03:14:15.221337+00:00
2024-03-01,KRW=X,1335.199951,yahoo,KRW,2026-06-10T03:14:15.221337+00:00
2024-03-04,KRW=X,1330.900024,yahoo,KRW,2026-06-10T03:14:15.221337+00:00
2024-03-05,KRW=X,1328.939941,yahoo,KRW,2026-06-10T03:14:15.221337+00:00
2024-03-06,KRW=X,1333.430054,yahoo,KRW,2026-06-10T03:14:15.221337+00:00
2024-03-07,KRW=X,1327.089966,yahoo,KRW,2026-06-10T03:14:15.221337+00:00
2024-03-08,KRW=X,1321.180054,yahoo,KRW,2026-06-10T03:14:15.221337+00:00
2024-03-11,KRW=X,1315.97998,yahoo,KRW,2026-06-10T03:14:15.221337+00:00
2024-03-12,KRW=X,1310.540039,yahoo,KRW,2026-06-10T03:14:15.221337+00:00
2024-03-13,KRW=X,1311.150024,yahoo,KRW,2026-06-10T03:14:15.221337+00:00
2024-03-14,KRW=X,1313.650024,yahoo,KRW,2026-06-10T03:14:15.221337+00:00
2024-03-15,KRW=X,1321.920044,yahoo,KRW,2026-06-10T03:14:15.221337+00:00
2024-03-18,KRW=X,1329.339966,yahoo,KRW,2026-06-10T03:14:15.221337+00:00
2024-03-19,KRW=X,1336.089966,yahoo,KRW,2026-06-10T03:14:15.221337+00:00
2024-03-20,KRW=X,1337.02002,yahoo,KRW,2026-06-10T03:14:15.221337+00:00
2024-03-21,KRW=X,1330.109985,yahoo,KRW,2026-06-10T03:14:15.221337+00:00
2024-03-22,KRW=X,1334.680054,yahoo,KRW,2026-06-10T03:14:15.221337+00:00
2024-03-25,KRW=X,1343.599976,yahoo,KRW,2026-06-10T03:14:15.221337+00:00
2024-03-26,KRW=X,1339.130005,yahoo,KRW,2026-06-10T03:14:15.221337+00:00
2024-03-27,KRW=X,1343.060059,yahoo,KRW,2026-06-10T03:14:15.221337+00:00
2024-03-28,KRW=X,1349.800049,yahoo,KRW,2026-06-10T03:14:15.221337+00:00
2024-03-29,KRW=X,1349.800049,yahoo,KRW,2026-06-10T03:14:15.221337+00:00
2024-03-31,KRW=X,1345.310059,yahoo,KRW,2026-06-10T03:14:15.221337+00:00
2024-04-01,KRW=X,1355.530029,yahoo,KRW,2026-06-10T03:14:15.221337+00:00
2024-04-02,KRW=X,1350.72998,yahoo,KRW,2026-06-10T03:14:15.221337+00:00
2024-04-03,KRW=X,1344.839966,yahoo,KRW,2026-06-10T03:14:15.221337+00:00
2024-04-04,KRW=X,1351.359985,yahoo,KRW,2026-06-10T03:14:15.221337+00:00
2024-04-07,KRW=X,1350.27002,yahoo,KRW,2026-06-10T03:14:15.221337+00:00
2024-04-08,KRW=X,1354.219971,yahoo,KRW,2026-06-10T03:14:15.221337+00:00
2024-04-09,KRW=X,1348.540039,yahoo,KRW,2026-06-10T03:14:15.221337+00:00
2024-04-10,KRW=X,1363.76001,yahoo,KRW,2026-06-10T03:14:15.221337+00:00
2024-04-11,KRW=X,1367.839966,yahoo,KRW,2026-06-10T03:14:15.221337+00:00
2024-04-14,KRW=X,1379.609985,yahoo,KRW,2026-06-10T03:14:15.221337+00:00
2024-04-15,KRW=X,1387.670044,yahoo,KRW,2026-06-10T03:14:15.221337+00:00
2024-04-16,KRW=X,1387.339966,yahoo,KRW,2026-06-10T03:14:15.221337+00:00
2024-04-17,KRW=X,1379.540039,yahoo,KRW,2026-06-10T03:14:15.221337+00:00
2024-04-18,KRW=X,1379.400024,yahoo,KRW,2026-06-10T03:14:15.221337+00:00
2024-04-21,KRW=X,1373.930054,yahoo,KRW,2026-06-10T03:14:15.221337+00:00
2024-04-22,KRW=X,1378.839966,yahoo,KRW,2026-06-10T03:14:15.221337+00:00
2024-04-23,KRW=X,1370.47998,yahoo,KRW,2026-06-10T03:14:15.221337+00:00
2024-04-24,KRW=X,1376.969971,yahoo,KRW,2026-06-10T03:14:15.221337+00:00
2024-04-25,KRW=X,1371.699951,yahoo,KRW,2026-06-10T03:14:15.221337+00:00
2024-04-28,KRW=X,1377.089966,yahoo,KRW,2026-06-10T03:14:15.221337+00:00
2024-04-29,KRW=X,1374.640015,yahoo,KRW,2026-06-10T03:14:15.221337+00:00
2024-04-30,KRW=X,1385.459961,yahoo,KRW,2026-06-10T03:14:15.221337+00:00
2024-05-01,KRW=X,1375.0,yahoo,KRW,2026-06-10T03:14:15.221337+00:00
2024-05-02,KRW=X,1364.640015,yahoo,KRW,2026-06-10T03:14:15.221337+00:00
2024-05-05,KRW=X,1355.050049,yahoo,KRW,2026-06-10T03:14:15.221337+00:00
2024-05-06,KRW=X,1352.170044,yahoo,KRW,2026-06-10T03:14:15.221337+00:00
2024-05-07,KRW=X,1357.72998,yahoo,KRW,2026-06-10T03:14:15.221337+00:00
2024-05-08,KRW=X,1361.939941,yahoo,KRW,2026-06-10T03:14:15.221337+00:00
2024-05-09,KRW=X,1365.400024,yahoo,KRW,2026-06-10T03:14:15.221337+00:00
2024-05-12,KRW=X,1370.109985,yahoo,KRW,2026-06-10T03:14:15.221337+00:00
2024-05-13,KRW=X,1363.790039,yahoo,KRW,2026-06-10T03:14:15.221337+00:00
2024-05-14,KRW=X,1362.550049,yahoo,KRW,2026-06-10T03:14:15.221337+00:00
2024-05-15,KRW=X,1353.599976,yahoo,KRW,2026-06-10T03:14:15.221337+00:00
2024-05-16,KRW=X,1346.040039,yahoo,KRW,2026-06-10T03:14:15.221337+00:00
2024-05-19,KRW=X,1353.390015,yahoo,KRW,2026-06-10T03:14:15.221337+00:00
2024-05-20,KRW=X,1360.160034,yahoo,KRW,2026-06-10T03:14:15.221337+00:00
2024-05-21,KRW=X,1363.420044,yahoo,KRW,2026-06-10T03:14:15.221337+00:00
2024-05-22,KRW=X,1365.810059,yahoo,KRW,2026-06-10T03:14:15.221337+00:00
2024-05-23,KRW=X,1367.619995,yahoo,KRW,2026-06-10T03:14:15.221337+00:00
2024-05-26,KRW=X,1365.709961,yahoo,KRW,2026-06-10T03:14:15.221337+00:00
2024-05-27,KRW=X,1360.930054,yahoo,KRW,2026-06-10T03:14:15.221337+00:00
2024-05-28,KRW=X,1362.76001,yahoo,KRW,2026-06-10T03:14:15.221337+00:00
2024-05-29,KRW=X,1370.550049,yahoo,KRW,2026-06-10T03:14:15.221337+00:00
2024-05-30,KRW=X,1375.619995,yahoo,KRW,2026-06-10T03:14:15.221337+00:00
2024-06-02,KRW=X,1382.099976,yahoo,KRW,2026-06-10T03:14:15.221337+00:00
2024-06-03,KRW=X,1370.790039,yahoo,KRW,2026-06-10T03:14:15.221337+00:00
2024-06-04,KRW=X,1373.719971,yahoo,KRW,2026-06-10T03:14:15.221337+00:00
2024-06-05,KRW=X,1368.73999,yahoo,KRW,2026-06-10T03:14:15.221337+00:00
2024-06-06,KRW=X,1365.25,yahoo,KRW,2026-06-10T03:14:15.221337+00:00
2024-06-09,KRW=X,1379.050049,yahoo,KRW,2026-06-10T03:14:15.221337+00:00
2024-06-10,KRW=X,1373.959961,yahoo,KRW,2026-06-10T03:14:15.221337+00:00
2024-06-11,KRW=X,1377.359985,yahoo,KRW,2026-06-10T03:14:15.221337+00:00
2024-06-12,KRW=X,1370.410034,yahoo,KRW,2026-06-10T03:14:15.221337+00:00
2024-06-13,KRW=X,1373.73999,yahoo,KRW,2026-06-10T03:14:15.221337+00:00
2024-06-16,KRW=X,1382.280029,yahoo,KRW,2026-06-10T03:14:15.221337+00:00
2024-06-17,KRW=X,1379.060059,yahoo,KRW,2026-06-10T03:14:15.221337+00:00
2024-06-18,KRW=X,1378.609985,yahoo,KRW,2026-06-10T03:14:15.221337+00:00
2024-06-19,KRW=X,1381.150024,yahoo,KRW,2026-06-10T03:14:15.221337+00:00
2024-06-20,KRW=X,1391.819946,yahoo,KRW,2026-06-10T03:14:15.221337+00:00
2024-06-23,KRW=X,1388.390015,yahoo,KRW,2026-06-10T03:14:15.221337+00:00
2024-06-24,KRW=X,1386.109985,yahoo,KRW,2026-06-10T03:14:15.221337+00:00
2024-06-25,KRW=X,1390.890015,yahoo,KRW,2026-06-10T03:14:15.221337+00:00
2024-06-26,KRW=X,1393.380005,yahoo,KRW,2026-06-10T03:14:15.221337+00:00
2024-06-27,KRW=X,1386.949951,yahoo,KRW,2026-06-10T03:14:15.221337+00:00
2024-06-30,KRW=X,1380.290039,yahoo,KRW,2026-06-10T03:14:15.221337+00:00
2024-07-01,KRW=X,1383.420044,yahoo,KRW,2026-06-10T03:14:15.221337+00:00
2024-07-02,KRW=X,1383.420044,yahoo,KRW,2026-06-10T03:14:15.221337+00:00
2024-07-03,KRW=X,1385.77002,yahoo,KRW,2026-06-10T03:14:15.221337+00:00
2024-07-04,KRW=X,1380.25,yahoo,KRW,2026-06-10T03:14:15.221337+00:00
2024-07-07,KRW=X,1376.569946,yahoo,KRW,2026-06-10T03:14:15.221337+00:00
2024-07-08,KRW=X,1382.75,yahoo,KRW,2026-06-10T03:14:15.221337+00:00
2024-07-09,KRW=X,1382.420044,yahoo,KRW,2026-06-10T03:14:15.221337+00:00
2024-07-10,KRW=X,1382.98999,yahoo,KRW,2026-06-10T03:14:15.221337+00:00
2024-07-11,KRW=X,1371.27002,yahoo,KRW,2026-06-10T03:14:15.221337+00:00
2024-07-14,KRW=X,1374.109985,yahoo,KRW,2026-06-10T03:14:15.221337+00:00
2024-07-15,KRW=X,1383.689941,yahoo,KRW,2026-06-10T03:14:15.221337+00:00
2024-07-16,KRW=X,1382.640015,yahoo,KRW,2026-06-10T03:14:15.221337+00:00
2024-07-17,KRW=X,1378.650024,yahoo,KRW,2026-06-10T03:14:15.221337+00:00
2024-07-18,KRW=X,1385.23999,yahoo,KRW,2026-06-10T03:14:15.221337+00:00
2024-07-21,KRW=X,1388.810059,yahoo,KRW,2026-06-10T03:14:15.221337+00:00
2024-07-22,KRW=X,1387.099976,yahoo,KRW,2026-06-10T03:14:15.221337+00:00
2024-07-23,KRW=X,1384.569946,yahoo,KRW,2026-06-10T03:14:15.221337+00:00
2024-07-24,KRW=X,1382.650024,yahoo,KRW,2026-06-10T03:14:15.221337+00:00
2024-07-25,KRW=X,1381.430054,yahoo,KRW,2026-06-10T03:14:15.221337+00:00
2024-07-28,KRW=X,1382.089966,yahoo,KRW,2026-06-10T03:14:15.221337+00:00
2024-07-29,KRW=X,1381.359985,yahoo,KRW,2026-06-10T03:14:15.221337+00:00
2024-07-30,KRW=X,1383.5,yahoo,KRW,2026-06-10T03:14:15.221337+00:00
2024-07-31,KRW=X,1367.920044,yahoo,KRW,2026-06-10T03:14:15.221337+00:00
2024-08-01,KRW=X,1368.969971,yahoo,KRW,2026-06-10T03:14:15.221337+00:00
2024-08-04,KRW=X,1357.170044,yahoo,KRW,2026-06-10T03:14:15.221337+00:00
2024-08-05,KRW=X,1367.400024,yahoo,KRW,2026-06-10T03:14:15.221337+00:00
2024-08-06,KRW=X,1370.310059,yahoo,KRW,2026-06-10T03:14:15.221337+00:00
2024-08-07,KRW=X,1375.329956,yahoo,KRW,2026-06-10T03:14:15.221337+00:00
2024-08-08,KRW=X,1373.76001,yahoo,KRW,2026-06-10T03:14:15.221337+00:00
2024-08-11,KRW=X,1363.839966,yahoo,KRW,2026-06-10T03:14:15.221337+00:00
2024-08-12,KRW=X,1369.540039,yahoo,KRW,2026-06-10T03:14:15.221337+00:00
2024-08-13,KRW=X,1362.170044,yahoo,KRW,2026-06-10T03:14:15.221337+00:00
2024-08-14,KRW=X,1355.709961,yahoo,KRW,2026-06-10T03:14:15.221337+00:00
2024-08-15,KRW=X,1363.51001,yahoo,KRW,2026-06-10T03:14:15.221337+00:00
2024-08-18,KRW=X,1348.97998,yahoo,KRW,2026-06-10T03:14:15.221337+00:00
2024-08-19,KRW=X,1330.880005,yahoo,KRW,2026-06-10T03:14:15.221337+00:00
2024-08-20,KRW=X,1327.579956,yahoo,KRW,2026-06-10T03:14:15.221337+00:00
2024-08-21,KRW=X,1333.660034,yahoo,KRW,2026-06-10T03:14:15.221337+00:00
2024-08-22,KRW=X,1339.540039,yahoo,KRW,2026-06-10T03:14:15.221337+00:00
2024-08-25,KRW=X,1323.880005,yahoo,KRW,2026-06-10T03:14:15.221337+00:00
2024-08-26,KRW=X,1326.640015,yahoo,KRW,2026-06-10T03:14:15.221337+00:00
2024-08-27,KRW=X,1326.359985,yahoo,KRW,2026-06-10T03:14:15.221337+00:00
2024-08-28,KRW=X,1336.689941,yahoo,KRW,2026-06-10T03:14:15.221337+00:00
2024-08-29,KRW=X,1332.880005,yahoo,KRW,2026-06-10T03:14:15.221337+00:00
2024-09-01,KRW=X,1336.579956,yahoo,KRW,2026-06-10T03:14:15.221337+00:00
2024-09-02,KRW=X,1337.550049,yahoo,KRW,2026-06-10T03:14:15.221337+00:00
2024-09-03,KRW=X,1340.410034,yahoo,KRW,2026-06-10T03:14:15.221337+00:00
2024-09-04,KRW=X,1331.01001,yahoo,KRW,2026-06-10T03:14:15.221337+00:00
2024-09-05,KRW=X,1332.790039,yahoo,KRW,2026-06-10T03:14:15.221337+00:00
2024-09-08,KRW=X,1337.77002,yahoo,KRW,2026-06-10T03:14:15.221337+00:00
2024-09-09,KRW=X,1341.27002,yahoo,KRW,2026-06-10T03:14:15.221337+00:00
2024-09-10,KRW=X,1343.339966,yahoo,KRW,2026-06-10T03:14:15.221337+00:00
2024-09-11,KRW=X,1339.180054,yahoo,KRW,2026-06-10T03:14:15.221337+00:00
2024-09-12,KRW=X,1335.689941,yahoo,KRW,2026-06-10T03:14:15.221337+00:00
2024-09-15,KRW=X,1329.51001,yahoo,KRW,2026-06-10T03:14:15.221337+00:00
2024-09-16,KRW=X,1319.109985,yahoo,KRW,2026-06-10T03:14:15.221337+00:00
2024-09-17,KRW=X,1322.930054,yahoo,KRW,2026-06-10T03:14:15.221337+00:00
2024-09-18,KRW=X,1322.26001,yahoo,KRW,2026-06-10T03:14:15.221337+00:00
2024-09-19,KRW=X,1327.609985,yahoo,KRW,2026-06-10T03:14:15.221337+00:00
2024-09-22,KRW=X,1331.5,yahoo,KRW,2026-06-10T03:14:15.221337+00:00
2024-09-23,KRW=X,1333.619995,yahoo,KRW,2026-06-10T03:14:15.221337+00:00
2024-09-24,KRW=X,1324.890015,yahoo,KRW,2026-06-10T03:14:15.221337+00:00
2024-09-25,KRW=X,1335.050049,yahoo,KRW,2026-06-10T03:14:15.221337+00:00
2024-09-26,KRW=X,1313.300049,yahoo,KRW,2026-06-10T03:14:15.221337+00:00
2024-09-29,KRW=X,1309.300049,yahoo,KRW,2026-06-10T03:14:15.221337+00:00
2024-09-30,KRW=X,1315.329956,yahoo,KRW,2026-06-10T03:14:15.221337+00:00
2024-10-01,KRW=X,1324.839966,yahoo,KRW,2026-06-10T03:14:15.221337+00:00
2024-10-02,KRW=X,1324.030029,yahoo,KRW,2026-06-10T03:14:15.221337+00:00
2024-10-03,KRW=X,1334.410034,yahoo,KRW,2026-06-10T03:14:15.221337+00:00
2024-10-06,KRW=X,1345.880005,yahoo,KRW,2026-06-10T03:14:15.221337+00:00
2024-10-07,KRW=X,1342.369995,yahoo,KRW,2026-06-10T03:14:15.221337+00:00
2024-10-08,KRW=X,1341.310059,yahoo,KRW,2026-06-10T03:14:15.221337+00:00
2024-10-09,KRW=X,1343.02002,yahoo,KRW,2026-06-10T03:14:15.221337+00:00
2024-10-10,KRW=X,1349.73999,yahoo,KRW,2026-06-10T03:14:15.221337+00:00
2024-10-13,KRW=X,1348.329956,yahoo,KRW,2026-06-10T03:14:15.221337+00:00
2024-10-14,KRW=X,1357.27002,yahoo,KRW,2026-06-10T03:14:15.221337+00:00
2024-10-15,KRW=X,1363.180054,yahoo,KRW,2026-06-10T03:14:15.221337+00:00
2024-10-16,KRW=X,1364.199951,yahoo,KRW,2026-06-10T03:14:15.221337+00:00
2024-10-17,KRW=X,1370.050049,yahoo,KRW,2026-06-10T03:14:15.221337+00:00
2024-10-20,KRW=X,1369.01001,yahoo,KRW,2026-06-10T03:14:15.221337+00:00
2024-10-21,KRW=X,1376.5,yahoo,KRW,2026-06-10T03:14:15.221337+00:00
2024-10-22,KRW=X,1376.630005,yahoo,KRW,2026-06-10T03:14:15.221337+00:00
2024-10-23,KRW=X,1377.339966,yahoo,KRW,2026-06-10T03:14:15.221337+00:00
2024-10-24,KRW=X,1376.319946,yahoo,KRW,2026-06-10T03:14:15.221337+00:00
2024-10-28,KRW=X,1387.660034,yahoo,KRW,2026-06-10T03:14:15.221337+00:00
2024-10-29,KRW=X,1381.969971,yahoo,KRW,2026-06-10T03:14:15.221337+00:00
2024-10-30,KRW=X,1383.180054,yahoo,KRW,2026-06-10T03:14:15.221337+00:00
2024-10-31,KRW=X,1378.569946,yahoo,KRW,2026-06-10T03:14:15.221337+00:00
2024-11-01,KRW=X,1372.930054,yahoo,KRW,2026-06-10T03:14:15.221337+00:00
2024-11-04,KRW=X,1379.339966,yahoo,KRW,2026-06-10T03:14:15.221337+00:00
2024-11-05,KRW=X,1372.859985,yahoo,KRW,2026-06-10T03:14:15.221337+00:00
2024-11-06,KRW=X,1378.0,yahoo,KRW,2026-06-10T03:14:15.221337+00:00
2024-11-07,KRW=X,1399.800049,yahoo,KRW,2026-06-10T03:14:15.221337+00:00
2024-11-08,KRW=X,1372.079956,yahoo,KRW,2026-06-10T03:14:15.221337+00:00
2024-11-11,KRW=X,1397.199951,yahoo,KRW,2026-06-10T03:14:15.221337+00:00
2024-11-12,KRW=X,1400.550049,yahoo,KRW,2026-06-10T03:14:15.221337+00:00
2024-11-13,KRW=X,1406.650024,yahoo,KRW,2026-06-10T03:14:15.221337+00:00
2024-11-14,KRW=X,1399.0,yahoo,KRW,2026-06-10T03:14:15.221337+00:00
2024-11-15,KRW=X,1400.829956,yahoo,KRW,2026-06-10T03:14:15.221337+00:00
2024-11-18,KRW=X,1394.349976,yahoo,KRW,2026-06-10T03:14:15.221337+00:00
2024-11-19,KRW=X,1389.5,yahoo,KRW,2026-06-10T03:14:15.221337+00:00
2024-11-20,KRW=X,1392.160034,yahoo,KRW,2026-06-10T03:14:15.221337+00:00
2024-11-21,KRW=X,1397.619995,yahoo,KRW,2026-06-10T03:14:15.221337+00:00
2024-11-22,KRW=X,1399.599976,yahoo,KRW,2026-06-10T03:14:15.221337+00:00
2024-11-25,KRW=X,1403.51001,yahoo,KRW,2026-06-10T03:14:15.221337+00:00
2024-11-26,KRW=X,1395.560059,yahoo,KRW,2026-06-10T03:14:15.221337+00:00
2024-11-27,KRW=X,1395.27002,yahoo,KRW,2026-06-10T03:14:15.221337+00:00
2024-11-28,KRW=X,1388.469971,yahoo,KRW,2026-06-10T03:14:15.221337+00:00
2024-11-29,KRW=X,1393.300049,yahoo,KRW,2026-06-10T03:14:15.221337+00:00
2024-12-02,KRW=X,1399.859985,yahoo,KRW,2026-06-10T03:14:15.221337+00:00
2024-12-03,KRW=X,1401.060059,yahoo,KRW,2026-06-10T03:14:15.221337+00:00
2024-12-04,KRW=X,1411.670044,yahoo,KRW,2026-06-10T03:14:15.221337+00:00
2024-12-05,KRW=X,1410.800049,yahoo,KRW,2026-06-10T03:14:15.221337+00:00
2024-12-06,KRW=X,1399.98999,yahoo,KRW,2026-06-10T03:14:15.221337+00:00
2024-12-09,KRW=X,1424.219971,yahoo,KRW,2026-06-10T03:14:15.221337+00:00
2024-12-10,KRW=X,1426.599976,yahoo,KRW,2026-06-10T03:14:15.221337+00:00
2024-12-11,KRW=X,1433.949951,yahoo,KRW,2026-06-10T03:14:15.221337+00:00
2024-12-12,KRW=X,1429.150024,yahoo,KRW,2026-06-10T03:14:15.221337+00:00
2024-12-13,KRW=X,1427.859985,yahoo,KRW,2026-06-10T03:14:15.221337+00:00
2024-12-16,KRW=X,1434.449951,yahoo,KRW,2026-06-10T03:14:15.221337+00:00
2024-12-17,KRW=X,1431.349976,yahoo,KRW,2026-06-10T03:14:15.221337+00:00
2024-12-18,KRW=X,1436.420044,yahoo,KRW,2026-06-10T03:14:15.221337+00:00
2024-12-19,KRW=X,1451.5,yahoo,KRW,2026-06-10T03:14:15.221337+00:00
2024-12-20,KRW=X,1437.449951,yahoo,KRW,2026-06-10T03:14:15.221337+00:00
2024-12-23,KRW=X,1445.420044,yahoo,KRW,2026-06-10T03:14:15.221337+00:00
2024-12-24,KRW=X,1442.699951,yahoo,KRW,2026-06-10T03:14:15.221337+00:00
2024-12-25,KRW=X,1453.420044,yahoo,KRW,2026-06-10T03:14:15.221337+00:00
2024-12-26,KRW=X,1457.609985,yahoo,KRW,2026-06-10T03:14:15.221337+00:00
2024-12-27,KRW=X,1466.98999,yahoo,KRW,2026-06-10T03:14:15.221337+00:00
2024-12-30,KRW=X,1472.800049,yahoo,KRW,2026-06-10T03:14:15.221337+00:00
2024-12-31,KRW=X,1467.390015,yahoo,KRW,2026-06-10T03:14:15.221337+00:00
2025-01-02,KRW=X,1473.52002,yahoo,KRW,2026-06-10T03:14:15.221337+00:00
2025-01-03,KRW=X,1471.650024,yahoo,KRW,2026-06-10T03:14:15.221337+00:00
2025-01-06,KRW=X,1465.530029,yahoo,KRW,2026-06-10T03:14:15.221337+00:00
2025-01-07,KRW=X,1459.449951,yahoo,KRW,2026-06-10T03:14:15.221337+00:00
2025-01-08,KRW=X,1451.880005,yahoo,KRW,2026-06-10T03:14:15.221337+00:00
2025-01-09,KRW=X,1457.969971,yahoo,KRW,2026-06-10T03:14:15.221337+00:00
2025-01-10,KRW=X,1455.22998,yahoo,KRW,2026-06-10T03:14:15.221337+00:00
2025-01-13,KRW=X,1472.25,yahoo,KRW,2026-06-10T03:14:15.221337+00:00
2025-01-14,KRW=X,1458.890015,yahoo,KRW,2026-06-10T03:14:15.221337+00:00
2025-01-15,KRW=X,1460.439941,yahoo,KRW,2026-06-10T03:14:15.221337+00:00
2025-01-16,KRW=X,1437.219971,yahoo,KRW,2026-06-10T03:14:15.221337+00:00
2025-01-17,KRW=X,1453.319946,yahoo,KRW,2026-06-10T03:14:15.221337+00:00
2025-01-20,KRW=X,1457.380005,yahoo,KRW,2026-06-10T03:14:15.221337+00:00
2025-01-21,KRW=X,1435.530029,yahoo,KRW,2026-06-10T03:14:15.221337+00:00
2025-01-22,KRW=X,1425.790039,yahoo,KRW,2026-06-10T03:14:15.221337+00:00
2025-01-23,KRW=X,1434.339966,yahoo,KRW,2026-06-10T03:14:15.221337+00:00
2025-01-24,KRW=X,1433.930054,yahoo,KRW,2026-06-10T03:14:15.221337+00:00
2025-01-27,KRW=X,1427.630005,yahoo,KRW,2026-06-10T03:14:15.221337+00:00
2025-01-28,KRW=X,1417.920044,yahoo,KRW,2026-06-10T03:14:15.221337+00:00
2025-01-29,KRW=X,1443.26001,yahoo,KRW,2026-06-10T03:14:15.221337+00:00
2025-01-30,KRW=X,1443.319946,yahoo,KRW,2026-06-10T03:14:15.221337+00:00
2025-01-31,KRW=X,1441.660034,yahoo,KRW,2026-06-10T03:14:15.221337+00:00
2025-02-03,KRW=X,1456.780029,yahoo,KRW,2026-06-10T03:14:15.221337+00:00
2025-02-04,KRW=X,1459.050049,yahoo,KRW,2026-06-10T03:14:15.221337+00:00
2025-02-05,KRW=X,1450.160034,yahoo,KRW,2026-06-10T03:14:15.221337+00:00
2025-02-06,KRW=X,1443.890015,yahoo,KRW,2026-06-10T03:14:15.221337+00:00
2025-02-07,KRW=X,1442.150024,yahoo,KRW,2026-06-10T03:14:15.221337+00:00
2025-02-10,KRW=X,1450.619995,yahoo,KRW,2026-06-10T03:14:15.221337+00:00
2025-02-11,KRW=X,1453.209961,yahoo,KRW,2026-06-10T03:14:15.221337+00:00
2025-02-12,KRW=X,1450.75,yahoo,KRW,2026-06-10T03:14:15.221337+00:00
2025-02-13,KRW=X,1452.119995,yahoo,KRW,2026-06-10T03:14:15.221337+00:00
2025-02-14,KRW=X,1438.73999,yahoo,KRW,2026-06-10T03:14:15.221337+00:00
2025-02-17,KRW=X,1432.599976,yahoo,KRW,2026-06-10T03:14:15.221337+00:00
2025-02-18,KRW=X,1441.290039,yahoo,KRW,2026-06-10T03:14:15.221337+00:00
2025-02-19,KRW=X,1440.079956,yahoo,KRW,2026-06-10T03:14:15.221337+00:00
2025-02-20,KRW=X,1439.97998,yahoo,KRW,2026-06-10T03:14:15.221337+00:00
2025-02-21,KRW=X,1431.699951,yahoo,KRW,2026-06-10T03:14:15.221337+00:00
2025-02-24,KRW=X,1434.290039,yahoo,KRW,2026-06-10T03:14:15.221337+00:00
2025-02-25,KRW=X,1428.650024,yahoo,KRW,2026-06-10T03:14:15.221337+00:00
2025-02-26,KRW=X,1429.5,yahoo,KRW,2026-06-10T03:14:15.221337+00:00
2025-02-27,KRW=X,1434.420044,yahoo,KRW,2026-06-10T03:14:15.221337+00:00
2025-02-28,KRW=X,1449.859985,yahoo,KRW,2026-06-10T03:14:15.221337+00:00
2025-03-03,KRW=X,1459.800049,yahoo,KRW,2026-06-10T03:14:15.221337+00:00
2025-03-04,KRW=X,1457.930054,yahoo,KRW,2026-06-10T03:14:15.221337+00:00
2025-03-05,KRW=X,1452.849976,yahoo,KRW,2026-06-10T03:14:15.221337+00:00
2025-03-06,KRW=X,1443.030029,yahoo,KRW,2026-06-10T03:14:15.221337+00:00
2025-03-07,KRW=X,1446.5,yahoo,KRW,2026-06-10T03:14:15.221337+00:00
2025-03-10,KRW=X,1446.26001,yahoo,KRW,2026-06-10T03:14:15.221337+00:00
2025-03-11,KRW=X,1457.030029,yahoo,KRW,2026-06-10T03:14:15.221337+00:00
2025-03-12,KRW=X,1451.02002,yahoo,KRW,2026-06-10T03:14:15.221337+00:00
2025-03-13,KRW=X,1448.75,yahoo,KRW,2026-06-10T03:14:15.221337+00:00
2025-03-14,KRW=X,1453.22998,yahoo,KRW,2026-06-10T03:14:15.221337+00:00
2025-03-17,KRW=X,1449.050049,yahoo,KRW,2026-06-10T03:14:15.221337+00:00
2025-03-18,KRW=X,1442.48999,yahoo,KRW,2026-06-10T03:14:15.221337+00:00
2025-03-19,KRW=X,1448.939941,yahoo,KRW,2026-06-10T03:14:15.221337+00:00
2025-03-20,KRW=X,1443.390015,yahoo,KRW,2026-06-10T03:14:15.221337+00:00
2025-03-21,KRW=X,1465.819946,yahoo,KRW,2026-06-10T03:14:15.221337+00:00
2025-03-24,KRW=X,1464.780029,yahoo,KRW,2026-06-10T03:14:15.221337+00:00
2025-03-25,KRW=X,1466.27002,yahoo,KRW,2026-06-10T03:14:15.221337+00:00
2025-03-26,KRW=X,1462.089966,yahoo,KRW,2026-06-10T03:14:15.221337+00:00
2025-03-27,KRW=X,1465.680054,yahoo,KRW,2026-06-10T03:14:15.221337+00:00
2025-03-28,KRW=X,1461.890015,yahoo,KRW,2026-06-10T03:14:15.221337+00:00
2025-03-30,KRW=X,1469.410034,yahoo,KRW,2026-06-10T03:14:15.221337+00:00
2025-03-31,KRW=X,1471.959961,yahoo,KRW,2026-06-10T03:14:15.221337+00:00
2025-04-01,KRW=X,1469.969971,yahoo,KRW,2026-06-10T03:14:15.221337+00:00
2025-04-02,KRW=X,1466.040039,yahoo,KRW,2026-06-10T03:14:15.221337+00:00
2025-04-03,KRW=X,1450.680054,yahoo,KRW,2026-06-10T03:14:15.221337+00:00
2025-04-06,KRW=X,1458.52002,yahoo,KRW,2026-06-10T03:14:15.221337+00:00
2025-04-07,KRW=X,1469.949951,yahoo,KRW,2026-06-10T03:14:15.221337+00:00
2025-04-08,KRW=X,1486.130005,yahoo,KRW,2026-06-10T03:14:15.221337+00:00
2025-04-09,KRW=X,1443.949951,yahoo,KRW,2026-06-10T03:14:15.221337+00:00
2025-04-10,KRW=X,1452.040039,yahoo,KRW,2026-06-10T03:14:15.221337+00:00
2025-04-13,KRW=X,1419.050049,yahoo,KRW,2026-06-10T03:14:15.221337+00:00
2025-04-14,KRW=X,1419.420044,yahoo,KRW,2026-06-10T03:14:15.221337+00:00
2025-04-15,KRW=X,1427.02002,yahoo,KRW,2026-06-10T03:14:15.221337+00:00
2025-04-16,KRW=X,1414.22998,yahoo,KRW,2026-06-10T03:14:15.221337+00:00
2025-04-21,KRW=X,1421.640015,yahoo,KRW,2026-06-10T03:14:15.221337+00:00
2025-04-22,KRW=X,1429.219971,yahoo,KRW,2026-06-10T03:14:15.221337+00:00
2025-04-23,KRW=X,1426.449951,yahoo,KRW,2026-06-10T03:14:15.221337+00:00
2025-04-24,KRW=X,1430.060059,yahoo,KRW,2026-06-10T03:14:15.221337+00:00
2025-04-27,KRW=X,1437.359985,yahoo,KRW,2026-06-10T03:14:15.221337+00:00
2025-04-28,KRW=X,1435.880005,yahoo,KRW,2026-06-10T03:14:15.221337+00:00
2025-04-29,KRW=X,1431.160034,yahoo,KRW,2026-06-10T03:14:15.221337+00:00
2025-04-30,KRW=X,1423.75,yahoo,KRW,2026-06-10T03:14:15.221337+00:00
2025-05-01,KRW=X,1435.099976,yahoo,KRW,2026-06-10T03:14:15.221337+00:00
2025-05-04,KRW=X,1398.900024,yahoo,KRW,2026-06-10T03:14:15.221337+00:00
2025-05-05,KRW=X,1374.369995,yahoo,KRW,2026-06-10T03:14:15.221337+00:00
2025-05-06,KRW=X,1374.77002,yahoo,KRW,2026-06-10T03:14:15.221337+00:00
2025-05-07,KRW=X,1397.290039,yahoo,KRW,2026-06-10T03:14:15.221337+00:00
2025-05-08,KRW=X,1403.849976,yahoo,KRW,2026-06-10T03:14:15.221337+00:00
2025-05-11,KRW=X,1395.170044,yahoo,KRW,2026-06-10T03:14:15.221337+00:00
2025-05-12,KRW=X,1416.030029,yahoo,KRW,2026-06-10T03:14:15.221337+00:00
2025-05-13,KRW=X,1416.0,yahoo,KRW,2026-06-10T03:14:15.221337+00:00
2025-05-14,KRW=X,1407.329956,yahoo,KRW,2026-06-10T03:14:15.221337+00:00
2025-05-15,KRW=X,1397.02002,yahoo,KRW,2026-06-10T03:14:15.221337+00:00
2025-05-18,KRW=X,1398.130005,yahoo,KRW,2026-06-10T03:14:15.221337+00:00
2025-05-19,KRW=X,1388.550049,yahoo,KRW,2026-06-10T03:14:15.221337+00:00
2025-05-20,KRW=X,1392.72998,yahoo,KRW,2026-06-10T03:14:15.221337+00:00
2025-05-21,KRW=X,1373.859985,yahoo,KRW,2026-06-10T03:14:15.221337+00:00
2025-05-22,KRW=X,1381.339966,yahoo,KRW,2026-06-10T03:14:15.221337+00:00
2025-05-25,KRW=X,1364.72998,yahoo,KRW,2026-06-10T03:14:15.221337+00:00
2025-05-26,KRW=X,1368.099976,yahoo,KRW,2026-06-10T03:14:15.221337+00:00
2025-05-27,KRW=X,1374.800049,yahoo,KRW,2026-06-10T03:14:15.221337+00:00
2025-05-28,KRW=X,1373.599976,yahoo,KRW,2026-06-10T03:14:15.221337+00:00
2025-05-29,KRW=X,1370.410034,yahoo,KRW,2026-06-10T03:14:15.221337+00:00
2025-06-01,KRW=X,1381.98999,yahoo,KRW,2026-06-10T03:14:15.221337+00:00
2025-06-02,KRW=X,1376.069946,yahoo,KRW,2026-06-10T03:14:15.221337+00:00
2025-06-03,KRW=X,1377.719971,yahoo,KRW,2026-06-10T03:14:15.221337+00:00
2025-06-04,KRW=X,1361.089966,yahoo,KRW,2026-06-10T03:14:15.221337+00:00
2025-06-05,KRW=X,1354.550049,yahoo,KRW,2026-06-10T03:14:15.221337+00:00
2025-06-08,KRW=X,1359.189941,yahoo,KRW,2026-06-10T03:14:15.221337+00:00
2025-06-09,KRW=X,1353.849976,yahoo,KRW,2026-06-10T03:14:15.221337+00:00
2025-06-10,KRW=X,1363.880005,yahoo,KRW,2026-06-10T03:14:15.221337+00:00
2025-06-11,KRW=X,1365.689941,yahoo,KRW,2026-06-10T03:14:15.221337+00:00
2025-06-12,KRW=X,1349.790039,yahoo,KRW,2026-06-10T03:14:15.221337+00:00
2025-06-15,KRW=X,1365.140015,yahoo,KRW,2026-06-10T03:14:15.221337+00:00
2025-06-16,KRW=X,1357.780029,yahoo,KRW,2026-06-10T03:14:15.221337+00:00
2025-06-17,KRW=X,1380.5,yahoo,KRW,2026-06-10T03:14:15.221337+00:00
2025-06-18,KRW=X,1370.75,yahoo,KRW,2026-06-10T03:14:15.221337+00:00
2025-06-19,KRW=X,1374.890015,yahoo,KRW,2026-06-10T03:14:15.221337+00:00
2025-06-22,KRW=X,1369.469971,yahoo,KRW,2026-06-10T03:14:15.221337+00:00
2025-06-23,KRW=X,1361.939941,yahoo,KRW,2026-06-10T03:14:15.221337+00:00
2025-06-24,KRW=X,1353.780029,yahoo,KRW,2026-06-10T03:14:15.221337+00:00
2025-06-25,KRW=X,1357.030029,yahoo,KRW,2026-06-10T03:14:15.221337+00:00
2025-06-26,KRW=X,1352.76001,yahoo,KRW,2026-06-10T03:14:15.221337+00:00
2025-06-29,KRW=X,1363.589966,yahoo,KRW,2026-06-10T03:14:15.221337+00:00
2025-06-30,KRW=X,1348.5,yahoo,KRW,2026-06-10T03:14:15.221337+00:00
2025-07-01,KRW=X,1355.589966,yahoo,KRW,2026-06-10T03:14:15.221337+00:00
2025-07-02,KRW=X,1354.75,yahoo,KRW,2026-06-10T03:14:15.221337+00:00
2025-07-03,KRW=X,1357.099976,yahoo,KRW,2026-06-10T03:14:15.221337+00:00
2025-07-06,KRW=X,1362.199951,yahoo,KRW,2026-06-10T03:14:15.221337+00:00
2025-07-07,KRW=X,1374.640015,yahoo,KRW,2026-06-10T03:14:15.221337+00:00
2025-07-08,KRW=X,1370.300049,yahoo,KRW,2026-06-10T03:14:15.221337+00:00
2025-07-09,KRW=X,1373.0,yahoo,KRW,2026-06-10T03:14:15.221337+00:00
2025-07-10,KRW=X,1372.640015,yahoo,KRW,2026-06-10T03:14:15.221337+00:00
2025-07-13,KRW=X,1378.170044,yahoo,KRW,2026-06-10T03:14:15.221337+00:00
2025-07-14,KRW=X,1382.01001,yahoo,KRW,2026-06-10T03:14:15.221337+00:00
2025-07-15,KRW=X,1386.449951,yahoo,KRW,2026-06-10T03:14:15.221337+00:00
2025-07-16,KRW=X,1384.920044,yahoo,KRW,2026-06-10T03:14:15.221337+00:00
2025-07-17,KRW=X,1391.579956,yahoo,KRW,2026-06-10T03:14:15.221337+00:00
2025-07-20,KRW=X,1390.569946,yahoo,KRW,2026-06-10T03:14:15.221337+00:00
2025-07-21,KRW=X,1381.819946,yahoo,KRW,2026-06-10T03:14:15.221337+00:00
2025-07-22,KRW=X,1379.780029,yahoo,KRW,2026-06-10T03:14:15.221337+00:00
2025-07-23,KRW=X,1373.719971,yahoo,KRW,2026-06-10T03:14:15.221337+00:00
2025-07-24,KRW=X,1372.0,yahoo,KRW,2026-06-10T03:14:15.221337+00:00
2025-07-27,KRW=X,1382.780029,yahoo,KRW,2026-06-10T03:14:15.221337+00:00
2025-07-28,KRW=X,1388.290039,yahoo,KRW,2026-06-10T03:14:15.221337+00:00
2025-07-29,KRW=X,1388.859985,yahoo,KRW,2026-06-10T03:14:15.221337+00:00
2025-07-30,KRW=X,1392.52002,yahoo,KRW,2026-06-10T03:14:15.221337+00:00
2025-07-31,KRW=X,1391.51001,yahoo,KRW,2026-06-10T03:14:15.221337+00:00
2025-08-03,KRW=X,1390.180054,yahoo,KRW,2026-06-10T03:14:15.221337+00:00
2025-08-04,KRW=X,1383.589966,yahoo,KRW,2026-06-10T03:14:15.221337+00:00
2025-08-05,KRW=X,1386.579956,yahoo,KRW,2026-06-10T03:14:15.221337+00:00
2025-08-06,KRW=X,1384.390015,yahoo,KRW,2026-06-10T03:14:15.221337+00:00
2025-08-07,KRW=X,1384.969971,yahoo,KRW,2026-06-10T03:14:15.221337+00:00
2025-08-10,KRW=X,1387.810059,yahoo,KRW,2026-06-10T03:14:15.221337+00:00
2025-08-11,KRW=X,1389.790039,yahoo,KRW,2026-06-10T03:14:15.221337+00:00
2025-08-12,KRW=X,1383.089966,yahoo,KRW,2026-06-10T03:14:15.221337+00:00
2025-08-13,KRW=X,1378.780029,yahoo,KRW,2026-06-10T03:14:15.221337+00:00
2025-08-14,KRW=X,1387.869995,yahoo,KRW,2026-06-10T03:14:15.221337+00:00
2025-08-17,KRW=X,1387.97998,yahoo,KRW,2026-06-10T03:14:15.221337+00:00
2025-08-18,KRW=X,1386.910034,yahoo,KRW,2026-06-10T03:14:15.221337+00:00
2025-08-19,KRW=X,1391.339966,yahoo,KRW,2026-06-10T03:14:15.221337+00:00
2025-08-20,KRW=X,1396.910034,yahoo,KRW,2026-06-10T03:14:15.221337+00:00
2025-08-21,KRW=X,1399.609985,yahoo,KRW,2026-06-10T03:14:15.221337+00:00
2025-08-24,KRW=X,1382.890015,yahoo,KRW,2026-06-10T03:14:15.221337+00:00
2025-08-25,KRW=X,1389.050049,yahoo,KRW,2026-06-10T03:14:15.221337+00:00
2025-08-26,KRW=X,1393.949951,yahoo,KRW,2026-06-10T03:14:15.221337+00:00
2025-08-27,KRW=X,1392.75,yahoo,KRW,2026-06-10T03:14:15.221337+00:00
2025-08-28,KRW=X,1384.410034,yahoo,KRW,2026-06-10T03:14:15.221337+00:00
2025-08-31,KRW=X,1388.839966,yahoo,KRW,2026-06-10T03:14:15.221337+00:00
2025-09-01,KRW=X,1392.939941,yahoo,KRW,2026-06-10T03:14:15.221337+00:00
2025-09-02,KRW=X,1394.569946,yahoo,KRW,2026-06-10T03:14:15.221337+00:00
2025-09-03,KRW=X,1389.630005,yahoo,KRW,2026-06-10T03:14:15.221337+00:00
2025-09-04,KRW=X,1392.060059,yahoo,KRW,2026-06-10T03:14:15.221337+00:00
2025-09-07,KRW=X,1385.51001,yahoo,KRW,2026-06-10T03:14:15.221337+00:00
2025-09-08,KRW=X,1385.719971,yahoo,KRW,2026-06-10T03:14:15.221337+00:00
2025-09-09,KRW=X,1387.25,yahoo,KRW,2026-06-10T03:14:15.221337+00:00
2025-09-10,KRW=X,1387.199951,yahoo,KRW,2026-06-10T03:14:15.221337+00:00
2025-09-11,KRW=X,1389.5,yahoo,KRW,2026-06-10T03:14:15.221337+00:00
2025-09-14,KRW=X,1393.699951,yahoo,KRW,2026-06-10T03:14:15.221337+00:00
2025-09-15,KRW=X,1385.01001,yahoo,KRW,2026-06-10T03:14:15.221337+00:00
2025-09-16,KRW=X,1377.640015,yahoo,KRW,2026-06-10T03:14:15.221337+00:00
2025-09-17,KRW=X,1378.689941,yahoo,KRW,2026-06-10T03:14:15.221337+00:00
2025-09-18,KRW=X,1386.75,yahoo,KRW,2026-06-10T03:14:15.221337+00:00
2025-09-21,KRW=X,1396.22998,yahoo,KRW,2026-06-10T03:14:15.221337+00:00
2025-09-22,KRW=X,1389.390015,yahoo,KRW,2026-06-10T03:14:15.221337+00:00
2025-09-23,KRW=X,1391.849976,yahoo,KRW,2026-06-10T03:14:15.221337+00:00
2025-09-24,KRW=X,1403.650024,yahoo,KRW,2026-06-10T03:14:15.221337+00:00
2025-09-25,KRW=X,1408.920044,yahoo,KRW,2026-06-10T03:14:15.221337+00:00
2025-09-28,KRW=X,1408.709961,yahoo,KRW,2026-06-10T03:14:15.221337+00:00
2025-09-29,KRW=X,1399.329956,yahoo,KRW,2026-06-10T03:14:15.221337+00:00
2025-09-30,KRW=X,1403.150024,yahoo,KRW,2026-06-10T03:14:15.221337+00:00
2025-10-01,KRW=X,1401.819946,yahoo,KRW,2026-06-10T03:14:15.221337+00:00
2025-10-02,KRW=X,1405.630005,yahoo,KRW,2026-06-10T03:14:15.221337+00:00
2025-10-05,KRW=X,1406.060059,yahoo,KRW,2026-06-10T03:14:15.221337+00:00
2025-10-06,KRW=X,1409.920044,yahoo,KRW,2026-06-10T03:14:15.221337+00:00
2025-10-07,KRW=X,1414.569946,yahoo,KRW,2026-06-10T03:14:15.221337+00:00
2025-10-08,KRW=X,1422.52002,yahoo,KRW,2026-06-10T03:14:15.221337+00:00
2025-10-09,KRW=X,1421.51001,yahoo,KRW,2026-06-10T03:14:15.221337+00:00
2025-10-12,KRW=X,1429.030029,yahoo,KRW,2026-06-10T03:14:15.221337+00:00
2025-10-13,KRW=X,1426.069946,yahoo,KRW,2026-06-10T03:14:15.221337+00:00
2025-10-14,KRW=X,1429.430054,yahoo,KRW,2026-06-10T03:14:15.221337+00:00
2025-10-15,KRW=X,1420.089966,yahoo,KRW,2026-06-10T03:14:15.221337+00:00
2025-10-16,KRW=X,1415.719971,yahoo,KRW,2026-06-10T03:14:15.221337+00:00
2025-10-19,KRW=X,1419.73999,yahoo,KRW,2026-06-10T03:14:15.221337+00:00
2025-10-20,KRW=X,1419.73999,yahoo,KRW,2026-06-10T03:14:15.221337+00:00
2025-10-21,KRW=X,1430.73999,yahoo,KRW,2026-06-10T03:14:15.221337+00:00
2025-10-22,KRW=X,1430.400024,yahoo,KRW,2026-06-10T03:14:15.221337+00:00
2025-10-23,KRW=X,1435.839966,yahoo,KRW,2026-06-10T03:14:15.221337+00:00
2025-10-27,KRW=X,1436.969971,yahoo,KRW,2026-06-10T03:14:15.221337+00:00
2025-10-28,KRW=X,1430.969971,yahoo,KRW,2026-06-10T03:14:15.221337+00:00
2025-10-29,KRW=X,1425.969971,yahoo,KRW,2026-06-10T03:14:15.221337+00:00
2025-10-30,KRW=X,1424.01001,yahoo,KRW,2026-06-10T03:14:15.221337+00:00
2025-10-31,KRW=X,1424.02002,yahoo,KRW,2026-06-10T03:14:15.221337+00:00
2025-11-03,KRW=X,1427.170044,yahoo,KRW,2026-06-10T03:14:15.221337+00:00
2025-11-04,KRW=X,1428.969971,yahoo,KRW,2026-06-10T03:14:15.221337+00:00
2025-11-05,KRW=X,1439.810059,yahoo,KRW,2026-06-10T03:14:15.221337+00:00
2025-11-06,KRW=X,1439.73999,yahoo,KRW,2026-06-10T03:14:15.221337+00:00
2025-11-07,KRW=X,1447.900024,yahoo,KRW,2026-06-10T03:14:15.221337+00:00
2025-11-10,KRW=X,1454.0,yahoo,KRW,2026-06-10T03:14:15.221337+00:00
2025-11-11,KRW=X,1456.089966,yahoo,KRW,2026-06-10T03:14:15.221337+00:00
2025-11-12,KRW=X,1459.839966,yahoo,KRW,2026-06-10T03:14:15.221337+00:00
2025-11-13,KRW=X,1468.02002,yahoo,KRW,2026-06-10T03:14:15.221337+00:00
2025-11-14,KRW=X,1468.709961,yahoo,KRW,2026-06-10T03:14:15.221337+00:00
2025-11-17,KRW=X,1446.530029,yahoo,KRW,2026-06-10T03:14:15.221337+00:00
2025-11-18,KRW=X,1461.689941,yahoo,KRW,2026-06-10T03:14:15.221337+00:00
2025-11-19,KRW=X,1456.550049,yahoo,KRW,2026-06-10T03:14:15.221337+00:00
2025-11-20,KRW=X,1466.130005,yahoo,KRW,2026-06-10T03:14:15.221337+00:00
2025-11-21,KRW=X,1473.25,yahoo,KRW,2026-06-10T03:14:15.221337+00:00
2025-11-24,KRW=X,1467.72998,yahoo,KRW,2026-06-10T03:14:15.221337+00:00
2025-11-25,KRW=X,1474.859985,yahoo,KRW,2026-06-10T03:14:15.221337+00:00
2025-11-26,KRW=X,1464.920044,yahoo,KRW,2026-06-10T03:14:15.221337+00:00
2025-11-27,KRW=X,1470.589966,yahoo,KRW,2026-06-10T03:14:15.221337+00:00
2025-11-28,KRW=X,1461.400024,yahoo,KRW,2026-06-10T03:14:15.221337+00:00
2025-12-01,KRW=X,1465.619995,yahoo,KRW,2026-06-10T03:14:15.221337+00:00
2025-12-02,KRW=X,1470.170044,yahoo,KRW,2026-06-10T03:14:15.221337+00:00
2025-12-03,KRW=X,1467.359985,yahoo,KRW,2026-06-10T03:14:15.221337+00:00
2025-12-04,KRW=X,1465.030029,yahoo,KRW,2026-06-10T03:14:15.221337+00:00
2025-12-05,KRW=X,1472.380005,yahoo,KRW,2026-06-10T03:14:15.221337+00:00
2025-12-08,KRW=X,1471.810059,yahoo,KRW,2026-06-10T03:14:15.221337+00:00
2025-12-09,KRW=X,1468.51001,yahoo,KRW,2026-06-10T03:14:15.221337+00:00
2025-12-10,KRW=X,1467.930054,yahoo,KRW,2026-06-10T03:14:15.221337+00:00
2025-12-11,KRW=X,1469.040039,yahoo,KRW,2026-06-10T03:14:15.221337+00:00
2025-12-12,KRW=X,1470.849976,yahoo,KRW,2026-06-10T03:14:15.221337+00:00
2025-12-15,KRW=X,1472.910034,yahoo,KRW,2026-06-10T03:14:15.221337+00:00
2025-12-16,KRW=X,1467.47998,yahoo,KRW,2026-06-10T03:14:15.221337+00:00
2025-12-17,KRW=X,1471.73999,yahoo,KRW,2026-06-10T03:14:15.221337+00:00
2025-12-18,KRW=X,1474.0,yahoo,KRW,2026-06-10T03:14:15.221337+00:00
2025-12-19,KRW=X,1474.359985,yahoo,KRW,2026-06-10T03:14:15.221337+00:00
2025-12-22,KRW=X,1473.719971,yahoo,KRW,2026-06-10T03:14:15.221337+00:00
2025-12-23,KRW=X,1476.839966,yahoo,KRW,2026-06-10T03:14:15.221337+00:00
2025-12-24,KRW=X,1478.670044,yahoo,KRW,2026-06-10T03:14:15.221337+00:00
2025-12-26,KRW=X,1446.52002,yahoo,KRW,2026-06-10T03:14:15.221337+00:00
2025-12-29,KRW=X,1441.329956,yahoo,KRW,2026-06-10T03:14:15.221337+00:00
2025-12-30,KRW=X,1434.709961,yahoo,KRW,2026-06-10T03:14:15.221337+00:00
2025-12-31,KRW=X,1437.910034,yahoo,KRW,2026-06-10T03:14:15.221337+00:00
2026-01-02,KRW=X,1443.640015,yahoo,KRW,2026-06-10T03:14:15.221337+00:00
2026-01-05,KRW=X,1440.47998,yahoo,KRW,2026-06-10T03:14:15.221337+00:00
2026-01-06,KRW=X,1445.560059,yahoo,KRW,2026-06-10T03:14:15.221337+00:00
2026-01-07,KRW=X,1444.959961,yahoo,KRW,2026-06-10T03:14:15.221337+00:00
2026-01-08,KRW=X,1446.140015,yahoo,KRW,2026-06-10T03:14:15.221337+00:00
2026-01-09,KRW=X,1450.079956,yahoo,KRW,2026-06-10T03:14:15.221337+00:00
2026-01-12,KRW=X,1455.23999,yahoo,KRW,2026-06-10T03:14:15.221337+00:00
2026-01-13,KRW=X,1464.930054,yahoo,KRW,2026-06-10T03:14:15.221337+00:00
2026-01-14,KRW=X,1473.01001,yahoo,KRW,2026-06-10T03:14:15.221337+00:00
2026-01-15,KRW=X,1462.900024,yahoo,KRW,2026-06-10T03:14:15.221337+00:00
2026-01-16,KRW=X,1468.839966,yahoo,KRW,2026-06-10T03:14:15.221337+00:00
2026-01-19,KRW=X,1471.579956,yahoo,KRW,2026-06-10T03:14:15.221337+00:00
2026-01-20,KRW=X,1471.52002,yahoo,KRW,2026-06-10T03:14:15.221337+00:00
2026-01-21,KRW=X,1477.780029,yahoo,KRW,2026-06-10T03:14:15.221337+00:00
2026-01-22,KRW=X,1464.829956,yahoo,KRW,2026-06-10T03:14:15.221337+00:00
2026-01-23,KRW=X,1463.26001,yahoo,KRW,2026-06-10T03:14:15.221337+00:00
2026-01-26,KRW=X,1444.810059,yahoo,KRW,2026-06-10T03:14:15.221337+00:00
2026-01-27,KRW=X,1440.97998,yahoo,KRW,2026-06-10T03:14:15.221337+00:00
2026-01-28,KRW=X,1432.51001,yahoo,KRW,2026-06-10T03:14:15.221337+00:00
2026-01-29,KRW=X,1429.27002,yahoo,KRW,2026-06-10T03:14:15.221337+00:00
2026-01-30,KRW=X,1428.76001,yahoo,KRW,2026-06-10T03:14:15.221337+00:00
2026-02-02,KRW=X,1448.800049,yahoo,KRW,2026-06-10T03:14:15.221337+00:00
2026-02-03,KRW=X,1452.540039,yahoo,KRW,2026-06-10T03:14:15.221337+00:00
2026-02-04,KRW=X,1446.680054,yahoo,KRW,2026-06-10T03:14:15.221337+00:00
2026-02-05,KRW=X,1460.109985,yahoo,KRW,2026-06-10T03:14:15.221337+00:00
2026-02-06,KRW=X,1470.680054,yahoo,KRW,2026-06-10T03:14:15.221337+00:00
2026-02-09,KRW=X,1462.400024,yahoo,KRW,2026-06-10T03:14:15.221337+00:00
2026-02-10,KRW=X,1458.540039,yahoo,KRW,2026-06-10T03:14:15.221337+00:00
2026-02-11,KRW=X,1455.329956,yahoo,KRW,2026-06-10T03:14:15.221337+00:00
2026-02-12,KRW=X,1444.189941,yahoo,KRW,2026-06-10T03:14:15.221337+00:00
2026-02-13,KRW=X,1440.900024,yahoo,KRW,2026-06-10T03:14:15.221337+00:00
2026-02-16,KRW=X,1439.52002,yahoo,KRW,2026-06-10T03:14:15.221337+00:00
2026-02-17,KRW=X,1440.22998,yahoo,KRW,2026-06-10T03:14:15.221337+00:00
2026-02-18,KRW=X,1439.969971,yahoo,KRW,2026-06-10T03:14:15.221337+00:00
2026-02-19,KRW=X,1440.160034,yahoo,KRW,2026-06-10T03:14:15.221337+00:00
2026-02-20,KRW=X,1447.75,yahoo,KRW,2026-06-10T03:14:15.221337+00:00
2026-02-23,KRW=X,1443.439941,yahoo,KRW,2026-06-10T03:14:15.221337+00:00
2026-02-24,KRW=X,1442.199951,yahoo,KRW,2026-06-10T03:14:15.221337+00:00
2026-02-25,KRW=X,1439.98999,yahoo,KRW,2026-06-10T03:14:15.221337+00:00
2026-02-26,KRW=X,1426.930054,yahoo,KRW,2026-06-10T03:14:15.221337+00:00
2026-02-27,KRW=X,1432.319946,yahoo,KRW,2026-06-10T03:14:15.221337+00:00
2026-03-02,KRW=X,1438.5,yahoo,KRW,2026-06-10T03:14:15.221337+00:00
2026-03-03,KRW=X,1452.27002,yahoo,KRW,2026-06-10T03:14:15.221337+00:00
2026-03-04,KRW=X,1483.069946,yahoo,KRW,2026-06-10T03:14:15.221337+00:00
2026-03-05,KRW=X,1460.75,yahoo,KRW,2026-06-10T03:14:15.221337+00:00
2026-03-06,KRW=X,1479.51001,yahoo,KRW,2026-06-10T03:14:15.221337+00:00
2026-03-09,KRW=X,1483.890015,yahoo,KRW,2026-06-10T03:14:15.221337+00:00
2026-03-10,KRW=X,1464.469971,yahoo,KRW,2026-06-10T03:14:15.221337+00:00
2026-03-11,KRW=X,1472.780029,yahoo,KRW,2026-06-10T03:14:15.221337+00:00
2026-03-12,KRW=X,1475.339966,yahoo,KRW,2026-06-10T03:14:15.221337+00:00
2026-03-13,KRW=X,1470.579956,yahoo,KRW,2026-06-10T03:14:15.221337+00:00
2026-03-16,KRW=X,1501.75,yahoo,KRW,2026-06-10T03:14:15.221337+00:00
2026-03-17,KRW=X,1488.910034,yahoo,KRW,2026-06-10T03:14:15.221337+00:00
2026-03-18,KRW=X,1484.869995,yahoo,KRW,2026-06-10T03:14:15.221337+00:00
2026-03-19,KRW=X,1505.25,yahoo,KRW,2026-06-10T03:14:15.221337+00:00
2026-03-20,KRW=X,1489.839966,yahoo,KRW,2026-06-10T03:14:15.221337+00:00
2026-03-23,KRW=X,1504.209961,yahoo,KRW,2026-06-10T03:14:15.221337+00:00
2026-03-24,KRW=X,1485.359985,yahoo,KRW,2026-06-10T03:14:15.221337+00:00
2026-03-25,KRW=X,1497.310059,yahoo,KRW,2026-06-10T03:14:15.221337+00:00
2026-03-26,KRW=X,1500.969971,yahoo,KRW,2026-06-10T03:14:15.221337+00:00
2026-03-27,KRW=X,1508.359985,yahoo,KRW,2026-06-10T03:14:15.221337+00:00
2026-03-29,KRW=X,1507.02002,yahoo,KRW,2026-06-10T03:14:15.221337+00:00
2026-03-30,KRW=X,1516.130005,yahoo,KRW,2026-06-10T03:14:15.221337+00:00
2026-03-31,KRW=X,1503.329956,yahoo,KRW,2026-06-10T03:14:15.221337+00:00
2026-04-01,KRW=X,1512.089966,yahoo,KRW,2026-06-10T03:14:15.221337+00:00
2026-04-02,KRW=X,1509.219971,yahoo,KRW,2026-06-10T03:14:15.221337+00:00
2026-04-05,KRW=X,1509.26001,yahoo,KRW,2026-06-10T03:14:15.221337+00:00
2026-04-06,KRW=X,1507.849976,yahoo,KRW,2026-06-10T03:14:15.221337+00:00
2026-04-07,KRW=X,1499.130005,yahoo,KRW,2026-06-10T03:14:15.221337+00:00
2026-04-08,KRW=X,1477.599976,yahoo,KRW,2026-06-10T03:14:15.221337+00:00
2026-04-09,KRW=X,1473.280029,yahoo,KRW,2026-06-10T03:14:15.221337+00:00
2026-04-12,KRW=X,1482.180054,yahoo,KRW,2026-06-10T03:14:15.221337+00:00
2026-04-13,KRW=X,1476.839966,yahoo,KRW,2026-06-10T03:14:15.221337+00:00
2026-04-14,KRW=X,1469.420044,yahoo,KRW,2026-06-10T03:14:15.221337+00:00
2026-04-15,KRW=X,1474.060059,yahoo,KRW,2026-06-10T03:14:15.221337+00:00
2026-04-16,KRW=X,1477.920044,yahoo,KRW,2026-06-10T03:14:15.221337+00:00
2026-04-19,KRW=X,1465.150024,yahoo,KRW,2026-06-10T03:14:15.221337+00:00
2026-04-20,KRW=X,1469.26001,yahoo,KRW,2026-06-10T03:14:15.221337+00:00
2026-04-21,KRW=X,1485.800049,yahoo,KRW,2026-06-10T03:14:15.221337+00:00
2026-04-22,KRW=X,1477.959961,yahoo,KRW,2026-06-10T03:14:15.221337+00:00
2026-04-23,KRW=X,1479.949951,yahoo,KRW,2026-06-10T03:14:15.221337+00:00
2026-04-26,KRW=X,1474.689941,yahoo,KRW,2026-06-10T03:14:15.221337+00:00
2026-04-27,KRW=X,1473.0,yahoo,KRW,2026-06-10T03:14:15.221337+00:00
2026-04-28,KRW=X,1471.98999,yahoo,KRW,2026-06-10T03:14:15.221337+00:00
2026-04-29,KRW=X,1487.380005,yahoo,KRW,2026-06-10T03:14:15.221337+00:00
2026-04-30,KRW=X,1474.01001,yahoo,KRW,2026-06-10T03:14:15.221337+00:00
2026-05-03,KRW=X,1471.72998,yahoo,KRW,2026-06-10T03:14:15.221337+00:00
2026-05-04,KRW=X,1476.050049,yahoo,KRW,2026-06-10T03:14:15.221337+00:00
2026-05-05,KRW=X,1473.959961,yahoo,KRW,2026-06-10T03:14:15.221337+00:00
2026-05-06,KRW=X,1444.449951,yahoo,KRW,2026-06-10T03:14:15.221337+00:00
2026-05-07,KRW=X,1454.790039,yahoo,KRW,2026-06-10T03:14:15.221337+00:00
2026-05-10,KRW=X,1460.550049,yahoo,KRW,2026-06-10T03:14:15.221337+00:00
2026-05-11,KRW=X,1474.449951,yahoo,KRW,2026-06-10T03:14:15.221337+00:00
2026-05-12,KRW=X,1492.98999,yahoo,KRW,2026-06-10T03:14:15.221337+00:00
2026-05-13,KRW=X,1489.839966,yahoo,KRW,2026-06-10T03:14:15.221337+00:00
2026-05-14,KRW=X,1493.339966,yahoo,KRW,2026-06-10T03:14:15.221337+00:00
2026-05-17,KRW=X,1497.150024,yahoo,KRW,2026-06-10T03:14:15.221337+00:00
2026-05-18,KRW=X,1492.319946,yahoo,KRW,2026-06-10T03:14:15.221337+00:00
2026-05-19,KRW=X,1507.849976,yahoo,KRW,2026-06-10T03:14:15.221337+00:00
2026-05-20,KRW=X,1499.77002,yahoo,KRW,2026-06-10T03:14:15.221337+00:00
2026-05-21,KRW=X,1504.400024,yahoo,KRW,2026-06-10T03:14:15.221337+00:00
2026-05-24,KRW=X,1512.829956,yahoo,KRW,2026-06-10T03:14:15.221337+00:00
2026-05-25,KRW=X,1514.790039,yahoo,KRW,2026-06-10T03:14:15.221337+00:00
2026-05-26,KRW=X,1505.439941,yahoo,KRW,2026-06-10T03:14:15.221337+00:00
2026-05-27,KRW=X,1503.109985,yahoo,KRW,2026-06-10T03:14:15.221337+00:00
2026-05-28,KRW=X,1495.290039,yahoo,KRW,2026-06-10T03:14:15.221337+00:00
2026-05-31,KRW=X,1506.839966,yahoo,KRW,2026-06-10T03:14:15.221337+00:00
2026-06-01,KRW=X,1511.27002,yahoo,KRW,2026-06-10T03:14:15.221337+00:00
2026-06-02,KRW=X,1516.599976,yahoo,KRW,2026-06-10T03:14:15.221337+00:00
2026-06-03,KRW=X,1530.109985,yahoo,KRW,2026-06-10T03:14:15.221337+00:00
2026-06-04,KRW=X,1533.069946,yahoo,KRW,2026-06-10T03:14:15.221337+00:00
2026-06-07,KRW=X,1554.47998,yahoo,KRW,2026-06-10T03:14:15.221337+00:00
2026-06-08,KRW=X,1528.880005,yahoo,KRW,2026-06-10T03:14:15.221337+00:00
2026-06-10,KRW=X,1523.339966,yahoo,KRW,2026-06-10T03:14:15.221337+00:00
